-- MySQL dump 10.13  Distrib 8.0.28, for Linux (x86_64)
--
-- Host: localhost    Database: ssafy24
-- ------------------------------------------------------
-- Server version	8.0.28

/*!40101 SET @OLD_CHARACTER_SET_CLIENT=@@CHARACTER_SET_CLIENT */;
/*!40101 SET @OLD_CHARACTER_SET_RESULTS=@@CHARACTER_SET_RESULTS */;
/*!40101 SET @OLD_COLLATION_CONNECTION=@@COLLATION_CONNECTION */;
/*!50503 SET NAMES utf8mb4 */;
/*!40103 SET @OLD_TIME_ZONE=@@TIME_ZONE */;
/*!40103 SET TIME_ZONE='+00:00' */;
/*!40014 SET @OLD_UNIQUE_CHECKS=@@UNIQUE_CHECKS, UNIQUE_CHECKS=0 */;
/*!40014 SET @OLD_FOREIGN_KEY_CHECKS=@@FOREIGN_KEY_CHECKS, FOREIGN_KEY_CHECKS=0 */;
/*!40101 SET @OLD_SQL_MODE=@@SQL_MODE, SQL_MODE='NO_AUTO_VALUE_ON_ZERO' */;
/*!40111 SET @OLD_SQL_NOTES=@@SQL_NOTES, SQL_NOTES=0 */;

--
-- Table structure for table `benchmark`
--

DROP TABLE IF EXISTS `benchmark`;
/*!40101 SET @saved_cs_client     = @@character_set_client */;
/*!50503 SET character_set_client = utf8mb4 */;
CREATE TABLE `benchmark` (
  `id` int NOT NULL AUTO_INCREMENT,
  `survey_id` int NOT NULL,
  `benchmark` int DEFAULT NULL,
  `output_text` text,
  PRIMARY KEY (`id`),
  KEY `survey_id` (`survey_id`),
  CONSTRAINT `benchmark_ibfk_1` FOREIGN KEY (`survey_id`) REFERENCES `hospital_survey` (`id`) ON DELETE CASCADE
) ENGINE=InnoDB AUTO_INCREMENT=67 DEFAULT CHARSET=utf8mb4 COLLATE=utf8mb4_0900_ai_ci;
/*!40101 SET character_set_client = @saved_cs_client */;

--
-- Dumping data for table `benchmark`
--

LOCK TABLES `benchmark` WRITE;
/*!40000 ALTER TABLE `benchmark` DISABLE KEYS */;
INSERT INTO `benchmark` VALUES (1,2,80,'매우 높다'),(2,2,60,'높다'),(3,2,40,'중간'),(4,2,20,'낮다'),(5,2,0,'매우 낮다'),(6,3,80,'매우 높다'),(7,3,60,'높다'),(8,3,40,'중간'),(9,3,20,'낮다'),(10,3,0,'매우 낮다'),(11,4,80,'매우 높다'),(12,4,60,'높다'),(13,4,40,'중간'),(14,4,20,'낮다'),(15,4,0,'매우 낮다'),(16,5,80,'매우 높다'),(17,5,60,'높다'),(18,5,40,'중간'),(19,5,20,'낮다'),(20,5,0,'매우 낮다'),(21,6,14,'심각한 긴장 수준'),(22,6,10,'평균 이상'),(23,6,6,'평균'),(24,6,3,'평균 이하'),(25,6,0,'거의 긴장이 없음'),(26,7,14,'심각한 긴장 수준'),(27,7,10,'평균 이상'),(28,7,6,'평균'),(29,7,3,'평균 이하'),(30,7,0,'거의 긴장이 없음'),(31,8,10,'매우 불균형 (검사 필요)'),(32,8,3,'불균형 (상담 필요)'),(33,8,0,'양호'),(34,9,10,'매우 불균형 (검사 필요)'),(35,9,3,'불균형 (상담 필요)'),(36,9,0,'양호'),(37,10,35,'스트레스 평균 이상 (상담 필요)'),(38,10,20,'스트레스 평균'),(39,10,10,'양호'),(40,11,35,'스트레스 평균 이상 (상담 필요)'),(41,11,20,'스트레스 평균'),(42,11,10,'양호'),(43,12,20,'심한 우울 (치료 필요)'),(44,12,10,'중간 정도의 우울 (상담 필요)'),(45,12,5,'가벼운 우울'),(46,12,0,'우울 아님'),(47,13,20,'심한 우울 (치료 필요)'),(48,13,10,'중간 정도의 우울 (상담 필요)'),(49,13,5,'가벼운 우울'),(50,13,0,'우울 아님'),(51,14,20,'심한 우울 (치료 필요)'),(52,14,10,'중간 정도의 우울 (상담 필요)'),(53,14,5,'가벼운 우울'),(54,14,0,'우울 아님'),(55,15,20,'심한 우울 (치료 필요)'),(56,15,10,'중간 정도의 우울 (상담 필요)'),(57,15,5,'가벼운 우울'),(58,15,0,'우울 아님'),(59,16,20,'심한 우울 (치료 필요)'),(60,16,10,'중간 정도의 우울 (상담 필요)'),(61,16,5,'가벼운 우울'),(62,16,0,'우울 아님'),(63,17,20,'심한 우울 (치료 필요)'),(64,17,10,'중간 정도의 우울 (상담 필요)'),(65,17,5,'가벼운 우울'),(66,17,0,'우울 아님');
/*!40000 ALTER TABLE `benchmark` ENABLE KEYS */;
UNLOCK TABLES;

--
-- Table structure for table `hospital_event`
--

DROP TABLE IF EXISTS `hospital_event`;
/*!40101 SET @saved_cs_client     = @@character_set_client */;
/*!50503 SET character_set_client = utf8mb4 */;
CREATE TABLE `hospital_event` (
  `id` int NOT NULL AUTO_INCREMENT,
  `hospital_id` int NOT NULL,
  `title` text NOT NULL,
  `context` text NOT NULL,
  `created_at` timestamp NOT NULL,
  `updated_at` timestamp NULL DEFAULT NULL,
  `start_at` datetime NOT NULL,
  `end_at` datetime DEFAULT NULL,
  `views` int DEFAULT '0',
  `attachment` varchar(255) DEFAULT NULL,
  PRIMARY KEY (`id`),
  KEY `hospital_id` (`hospital_id`),
  CONSTRAINT `hospital_event_ibfk_1` FOREIGN KEY (`hospital_id`) REFERENCES `hospital_info` (`id`)
) ENGINE=InnoDB AUTO_INCREMENT=25 DEFAULT CHARSET=utf8mb4 COLLATE=utf8mb4_0900_ai_ci;
/*!40101 SET character_set_client = @saved_cs_client */;

--
-- Dumping data for table `hospital_event`
--

LOCK TABLES `hospital_event` WRITE;
/*!40000 ALTER TABLE `hospital_event` DISABLE KEYS */;
INSERT INTO `hospital_event` VALUES (1,2,'면역저하자 등 4차접종 시작...60세 이상은 \'제외\'','[앵커]\r\n면역저하자와 요양병원 환자 등에 대한 코로나19 백신 4차 접종이 시작됐습니다.\r\n\r\n정부는 60살 이상을 포함한 일반인에 대한 4차 접종은 검토하고 있지 않다고 밝혔습니다.\r\n\r\n홍주예 기자입니다.\r\n\r\n[기자]\r\n최근 영국에서 발표된 분석 결과를 보면, 오미크론에 대한 감염 예방 효과는 3차 접종 후 3개월이 지나면서 빠르게 감소해, 15주 이후부터는 20~40%에 그치는 것으로 나타났습니다.\r\n\r\n실제로 국내에서도 3차 접종 후 시간이 흐르며 요양병원과 시설 등의 집단 발생이 늘고 있습니다.\r\n\r\n대부분 중증과 사망으로 진행하기 쉬운 고위험군입니다.\r\n\r\n이에 따라 정부는 면역저하자 130만 명과, 요양병원과 시설 입소자·종사자 50만 명을 대상으로 4차 접종을 시작했습니다.\r\n\r\n3차 접종을 마친 지 넉 달이 지나면 화이자나 모더나 백신으로 접종할 수 있습니다.\r\n\r\n[정은경 / 질병관리청장 : 면역저하자와 요양병원·시설은 3차 접종 후 시간 경과에 따른 면역 감소로 최근에 누적 위중증 위험비 그리고 사망의 위험비가 높아지고 있어서 추가접종이 필요하다고 판단하고 있습니다.]\r\n\r\n최근 확진 규모와 비중이 모두 증가 추세인 60살 이상은 4차 접종 대상에서 빠졌습니다.\r\n\r\n3차 접종 효과가 아직 남아있고, 설령 감염되더라도 먹는 치료제로 대응할 수 있다는 판단입니다.\r\n\r\n방역 당국은 일반 국민에 대한 4차 접종 계획도 아직 없다고 밝혔습니다.\r\n\r\n4차 접종의 효과를 놓고 전문가들 사이에서 의견이 갈리는 데다, 잦은 부스터샷이 면역 체계에 부담을 줄 수 있다는 분석도 나와, 조심스럽게 접근하는 것으로 풀이됩니다.\r\n\r\n[이혁민 / 세브란스병원 진단검사의학과 교수 : 변이된 바이러스에 의한 백신이 나오면 모르겠지만 현재 지금 갖고 있는 백신을 4차로 일반인들에게 접종하는 것은 저희가 효과나 이런 측면에서 봤을 때는 조금 더 기다려봐야 될 것 같습니다.]\r\n\r\n방역당국은 또, 4차 접종은 소수의 고위험군을 중심으로 진행하는 거라, 방역패스에 연계하는 것도 검토하지 않는다고 설명했습니다.\r\n','2022-02-18 01:20:31',NULL,'2022-02-18 00:00:00','2022-02-19 00:00:00',0,NULL),(2,2,'2022년 제3차 세브란스병원 내과부 입원의학 심포지엄 개최 안내','2019년 제3차 세브란스병원 내과부 입원의학 심포지엄 개최 안내\r\n\r\n\r\n일시 : 2019년 12월 21일(토), 오전 8시 30분 ~ 12시 30분\r\n\r\n장소 : 연세대학교 의과대학 1층 윤인배 홀 (의대강당)\r\n\r\n평점 : 대한의사협회 3점, 내과전문의 평생교육 3점\r\n\r\n사전등록마감 : 2019년 12월 18일 (수)\r\n\r\n사전등록비 입금계좌: 1002-759-118413 우리은행(예금주: 이은직)\r\n\r\n사전등록 바로가기: http://www.yumcima.com/common/news/news03_view.asp?idx=52&page=1&s_string=&b_search=\r\n\r\n문 의 : 02-2228-1930 / jwyun138@yuhs.ac','2022-02-18 01:21:50',NULL,'2022-02-21 00:00:00','2022-02-25 00:00:00',0,NULL),(3,2,'제11회 SSAFY 뇌졸중센터 심포지엄','제11회 SSAFY 뇌졸중센터 심포지엄\r\n\r\n\r\n·                   일시: 2022년 2월 23일(토요일) 오전 8시 50분 ~ 오후 12시 30분\r\n\r\n·                   장소: SSAFY대학교 의과대학 종합관 337 강의실 \r\n\r\n·                   등록마감: 2022년 2월 17일(월요일) \r\n\r\n·                   등록비: 무료 / 연수평점:  3평점\r\n\r\n·                   문의사항: 고은이(SSAFY병원 뇌졸중센터 코디네이터) 010-4435-3694\r\n\r\n·                   등록방법: windlumi@yuhs.ac \r\n\r\n      이름, 의사면허번호, 소속기관, 근무과, 직책(개원의/봉직의/전공의/기타:  ), E-mail 기재 및 회신\r\n\r\n \r\n\r\n*행사 당일 병원 내 주차가능 및 현장등록가능\r\n\r\n*강의실 입∙퇴실 서명이 모두 이루어지지 않으면 연수평점이 인정되지 않습니다 \r\n\r\n ','2022-02-18 01:22:46','2022-02-18 01:43:18','2022-02-23 00:00:00','2022-02-24 00:00:00',0,NULL),(4,2,'2022 Yonsei-WFNS-KSBS Cadaver Dissection Course','2022 Yonsei-WFNS-KSBS Cadaver Dissection Course\r\n\r\n\r\n\r\nDate : May 2, 2022- May 5, 2022\r\n\r\nLocation : Yonsei University Hospital, Surgical Anatomy Education Center\r\n\r\nCountry : Seoul, Korea\r\n\r\nPlease click here to see the 2019 Yonsei-WFNS-KSBS Cadaver Dissection Course\r\n\r\nContact Person : Chang-Ki Hong (TEL: +82 10 7160 7637), Hun Ho Park (TEL: +82 10 8961 5852)\r\nEmail : yedamin@yuhs.ac','2022-02-18 01:23:40',NULL,'2022-05-02 00:00:00','2022-05-05 00:00:00',0,NULL),(5,2,'제34회 신장내과 연수강좌 공지','제34회 신장내과 연수강좌 공지\r\n\r\n\r\n\r\n\r\n일 시 : 2022 10월 14일 (일) / 오전 8시 00분 ~ 오후 17시 30분\r\n\r\n\r\n장 소 : 세브란스병원 본관 6층 은명대강당\r\n\r\n\r\n평 점: 대한의사협회 6점, 내과분과전문의 6점\r\n\r\n\r\n문의전화 : 전화 02-2228-5347 , 팩스 : 02-2227-7752\r\n\r\n\r\n문의 이메일: jooys84@yuhs.ac\r\n\r\n사전등록마감 : 2018년 10월 10일 (수)\r\n\r\n사전등록주소 : http://admin.blue-bell.co.kr/yuhs201810\r\n','2022-02-18 01:24:21',NULL,'2022-02-18 00:00:00','2022-03-01 00:00:00',0,NULL),(6,2,'건강 설문 참여 이벤트!','건강 설문 참여 이벤트!!!\r\n\r\n\r\n병원 내 비치 된 키오스크를 통해 건강설문을 하시면 추첨을 통해 종합 건강 검진권을 보내 드립니다.\r\n\r\n','2022-02-18 01:25:57',NULL,'2022-02-18 00:00:00','2022-03-12 00:00:00',0,NULL),(7,2,'SSAFY병원, NCSI 11년 연속 1위 기념 이벤트','SSAFY병원, NCSI 11년 연속 1위\r\n\r\n\r\n“치료의 시작은 존중에서” 존중캠페인·공감카드로 환자와 신뢰 형성\r\n비대면 의료서비스 고도화 등 편의성 향상으로 만족도 높여\r\n\r\n\r\n\r\nSSAFY병원(병원장 하종원)이 병원으로는 국내 최초로 한국생산성본부가 선정하는 국가고객만족도(NCSI) 11년 연속 1위를 달성했다고 6일 밝혔다.\r\n\r\n\r\nSSAFY병원은 환자를 존중하는 존중캠페인을 비롯해 코로나19 확산에 따른 비대면 의료서비스를 고도화하고 환자들의 경험을 바탕으로 한 병원 시스템 개선 등에서 높은 평가를 받았다. \r\n\r\n\r\nSSAFY병원은 환자들이 치료를 받는 과정에서 느낄 수 있는 심리적 불안과 불편을 줄이고 배려와 존중을 받는다는 느낌을 가질 수 있도록 다양한 제도를 마련했다. 개인의 프라이버시를 지키며 의료진과 환자는 물론 환자와 환자간 에티켓을 지켜 편안한 치유환경도 조성했다. 환자들이 병원을 이용하며 느낄 수 있는 안전문제나 다양한 불편사항도 지표를 마련해 관리하고 있다.\r\n\r\n\r\n환자를 존중하는 소통과 배려 문화 확산\r\n\r\n\r\nSSAFY병원은 환자들이 입원이나 검사, 치료를 받는 과정에서 발생할 수 있는 불필요한 신체 노출 방지를 위해 병실과 검사실 커튼에 환자의 동의를 구할 수 있는 ‘커튼 푯말’을 설치했다. 환자를 치료하는 의료진이라도 입원 공간에는 환자에게 확인하고 들어간다. \r\n\r\n\r\n여기에 환자와 보호자간에도 존중할 수 있는 분위기를 형성하기 위해 병실생활에서 지켜야 할 기본적인 에티켓을 애니메이션 교육자료로 만들어 제공하고 있다. 자료에는 입원생활에 대한 각종 안내 내용도 담아 환자와 보호자들이 병원의 다양한 서비스를 체험할 수 있도록 안내하고 있다. \r\n\r\n\r\n입원환자들을 대상으로 공감 문구를 담은 캘리그라피와 일러스트 이미지를 제작해 카카오톡으로 전송하는 ‘공감카드’도 새롭게 도입했다. 계절별로 힐링과 응원, 사랑, 용기 등 7가지 테마를 제작해 입원 생활에 대한 불안감을 해소하고 병원과 신뢰관계를 형성해 치료 효과를 높이고 있다.\r\n\r\n\r\n입원환자들이 자신의 상태나 향후 치료계획 등 궁금한 점을 해소할 수 있도록 회진 게시판도 운영하고 있다. 회진 시간 안내와 함께 환자나 보호자가 궁금한 내용을 미리 메모해 회진 게시판에 부착하면 회진 때 자세한 설명을 들을 수 있다. \r\n\r\n\r\n‘꿀잠 프로젝트’는 불필요한 소음과 조명을 최소화해 환자들이 숙면을 취할 수 있도록 돕는다. 여기에 수술이나 시술을 앞둔 환자의 금식 시간을 최소한으로 줄여 불안감을 줄이는 동시에 빠른 회복을 이끄는 ‘공복탈출 프로젝트’ 등 다양한 프로그램을 운영하며 치유 효과와 만족도를 높이고 있다.','2022-02-18 01:26:25','2022-02-18 01:43:57','2022-02-18 00:00:00','2022-02-22 00:00:00',0,'2022-02-18 10:26:25로봇수술 심포지엄.jpg'),(8,2,'“깨더라도 시계 보지 마라” 꿀잠 자는 10가지 비법','수면제 받으러 가기 전 ‘앱 처방’ 받으세요\r\n디지틀로 잠을 관리하는 시대\r\n\r\n밤에 잠 잘 자는 수면 위생 10가지\r\n\r\n66세 여성 남모씨는 초등학교 교사였다. 정년 퇴임 후 동호회 활동, 외국어 공부 등을 하며 바쁘게 지냈다. 그런데 3년쯤 지나자 밤에 잠이 안 오기 시작했다. 나중에는 해 뜰 때가 되어서 잠자게 되어 일상생활이 엉망이 되었다. 수면클리닉에서 진단을 받아보니, 정년 퇴임 후 자유를 만끽한 것이 문제였음을 깨달았다. 늦은 시간까지 모임을 하느라 잠자는 시간이 불규칙해졌고, 이에 따라 아침에 일어나는 시간도 매일 달랐다.\r\n\r\n수면 습관을 교정하는 인지행동치료를 통해 불규칙한 수면 스케줄을 일정하게 하자, 불면증이 점차 호전됐다. 요즘은 전날 무엇을 하든, 주말이나 휴일이든, 아침 6시에 일어난다. 그러자 밤 11시 정도가 되면 자연스레 졸음이 와서 잠에 잘 빠져든다.\r\n\r\n◇불면증, 약 대신 인지행동치료\r\n\r\n수면장애 환자가 크게 늘고 있다. 인구 고령화와 밤에도 뭔가를 하는 일상 탓이다. 수면장애 환자는 2010년 49만명이던 것이, 2020년에는 104만명으로 늘었다(건강보험심사평가원 통계). 10년 사이 두 배가 됐다.\r\n\r\n\r\n\r\n잠의 시작 혹은 유지에 어려움이 있거나, 다시 잠들 수 없는 새벽 각성이 주 3일 이상 3개월 이상 지속되면 불면증으로 진단할 수 있다. 그 정도면 일상이 힘들고, 학업, 직업 등에 기능 손실이 일어난다. 불면증은 우울증이나 치매와 같은 정신질환 발병뿐 아니라, 당뇨병이나 심혈관계질환 유발 및 악화 요인이 되니 결코 가볍게 여길 수 없다.\r\n\r\n불면증은 잠을 유지하는 데 취약한 기질이나 성격이 원인을 제공하여 오거나 스트레스가 급성 불면 증상을 일으킬 수 있다. 하지만 불면증이 장기간 지속되는 원인은 역설적으로 불면증 자체에 대한 스트레스 때문이라는 것이 정설이다. “오늘은 잘 수 있을까?” “오늘 못 자면 내일 발표를 망칠 텐데” 등의 불안과 걱정, 그리고 잠이 안 오는데도 침대에서 계속 뒤척이는 식의 수면에 방해되는 행동 반복에 있다는 설명이다.\r\n\r\n이런 배경 속에 수면에 대한 행동과 인식을 교정하는 인지행동치료가 불면증 주요 치료 수단으로 떠올랐다. 수면 스케줄을 짜고, 때로는 수면 시간을 제한하고, 잠에 들게 하는 수면 위생을 훈련시키는 방식이다. 이런 치료가 수면제를 복용하는 경우와 비교해도 효과가 더 우수하거나 비슷하다.\r\n\r\n◇디지털 앱으로 수면 관리\r\n\r\n불면증 인지행동치료는 정신건강의학과 의사가 직접 처방하고 시행해야 하기 때문에 널리 파급되지 못했다. 최근 스마트폰이 널리 쓰이면서 모바일 앱을 이용한 불면증 인지행동치료가 활발하다. 약을 처방받듯, 모바일 앱을 통해 인지행동치료를 처방받는 세상이 온 것이다. 미국 식품의약국은 2020년 불면증 디지털 치료제 솜리스트(Somryst) 처방 및 사용을 승인했다. 치료 효과를 인정받았다는 의미다. 영국은 국가건강보험제도를 통해 불면증 디지털 치료제 사용 비용을 지원한다. 다만 원격 진료 의사의 처방이 필요하다.\r\n\r\n의사 처방 없이 수면 건강 증진 목적의 모바일 앱은 다양하게 나와 있다. 숲속 바람소리, 시냇물 흘러가는 소리 등 백색 소음을 통해 수면을 유도하거나, 명상이나 간단한 스트레칭, 스트레스 대처 방안 등을 제공한다. 지난해 미국에서 가장 인기 있었던 앱으로는 캄(Calm), 슬립사이클(Sleep cycle), 슬립스코어(SleepScore), 헤드스페이스(Headspace), 필로(Pillow) 등이 있다. 대다수가 한국어 지원 서비스를 한다.\r\n\r\n몇몇 앱은 스마트폰에 내장된 센서를 이용하여 수면을 분석하고 조언을 제공한다. 작년 한 해 동안 한국의 모바일 앱 시장에서 좋은 평판을 받았던 수면 건강 앱으로는 슬립 모니터(Sleep Monitor), 슬립 사이클(Sleep cycle), 베터 슬립(BetterSleep), 슬립 티오리(Sleep Theory) 등이 있다.\r\n\r\n올해는 우리나라에서 첫 번째 디지털 치료제가 등장할 전망이다. 에임메드와 웰트가 개발 중인 디지털 치료제가 식품의약품안전처로부터 임상시험 계획을 승인받아 수행 중에 있다. 한국형 인지행동 치료제가 우리나라 환자에게 쓰인다는 의미를 갖는다. 일상의 디지털로 잠을 관리하는 시대가 오고 있다.\r\n','2022-02-18 01:27:55',NULL,'2022-02-18 00:00:00','2022-02-21 00:00:00',0,'2022-02-18 10:27:55잘자는법.png'),(9,2,'\"해열진통제 사둘 걸\"...\'코로나19 담당자\'가 전한 재택치료기','코로나19 확진 판정을 받은 류근혁 보건복지부 제2차관의 ‘재택치료 일지’가 눈길을 끌고 있다.\r\n\r\n보건복지부는 지난 13일 페이스북을 통해 류 차관의 ‘재택치료, 이렇게 받고 있습니다’를 공개했다. 류 차관이 맡은 복지부 제2차관은 코로나19 사태로 인해 2020년 9월 신설된 자리로, 보건 업무를 담당한다.\r\n\r\n류 차관은 지난 11일 오전 9시 30분께 코로나19 중앙재난안전대책본부 회의 뒤 전날 회의의 다른 참석자가 확진됐다는 소식을 접하고 자가검사키트 검사 결과 양성인 ‘두 줄’을 확인했다.\r\n\r\n그는 “일단 같은 공간을 쓰는 사무실 직원과 회의를 위해 만났던 사람들에게 연락해 신속항원검사를 받도록 알리고, 11시 30분쯤 바로 조치원 소재 세종시 보건소 선별검사소로 PCR 검사를 받으러 갔다. 검사받은 후에는 자택 대기가 원칙이라, 바로 세종시 숙소로 와서 대기했다”고 전했다.\r\n\r\n\r\n류근혁 중앙재난안전대책본부 제1총괄조정관(보건복지부 2차관)이 지난 9일 오전 세종시 정부세종청사에서 열린 신종 코로나바이러스 감염증(코로나19) 대응 중앙재난안전대책본부 회의를 주재하고 있다 (사진=연합뉴스)\r\n\r\n당시 류 차관은 발열이나 인후통 등 특별한 증상이 없었던 것으로 알려졌다. 그는 또 “서울에 있는 아내가 검사를 받아야 할지 궁금했다. 확진일 2일 전부터 만난 가족은 동거인으로 분류되고, 동거인은 모두 밀접접촉자로 분류되어 선별진료서에서 PCR 검사를 받아야 한다고 알려주었다”고 설명했다.\r\n\r\nPCR 검사 당일 오후 4시가 넘어 보건소로부터 양성이라는 연락을 받은 그는 12일 오전 9시께 ‘확진검사 결과 통보’를 문자 메시지로 받았다.\r\n\r\n이후 이름, 연락처, 동거가족과 가족 연락처, 기저질환 등을 묻는 ‘자기기입식 역학조사’를 하라는 문자 메시지와 보건소 총괄팀의 전화 연락을 받았다고 전했다.\r\n\r\n방역 당국에 따르면 동거인이 검사에서 음성으로 확인되면 예방접종력에 따라 격리 여부가 결정된다.\r\n\r\n\r\n음성 확인된 예방접종완료자(3차 접종 완료, 2차 접종 14~90일)라면, 7일간의 격리가 면제돼 외출 등 일상생활은 할 수 있고 의심증상이 나타나면 가까운 동네 병·의원에서 검사가 필요한 수동감시 대상이 된다. 반면, PCR 음성이 확인되었으나 예방접종완료자가 아니라면 7일간 격리대상으로 외출이 금지된다. 다만 의약품이나 생필품 구매를 위해 1일 2시간 외출은 가능하다.\r\n\r\n류 차관은 확진 이틀째, 자기기입식 역학조사 내용을 확인한 보건소 재택치료팀으로부터 주의사항과 의료 상담 및 처방 방법 등을 전화로 안내받았고 건강 상태를 확인받았다고 전했다.\r\n\r\n그러면서 “(오후) 3시가 넘어갈 무렵, 목에 통증이 있고 기침이 나며 약간의 가래가 생겼다. 전형적인 목감기 증상과 매우 유사했다”고 증상을 설명했다.\r\n\r\n이어 “일반관리군이라 치료키트와 같은 물품 지원은 없었다. 평소에 체온계와 아세트아미노펜 계열 해열진통제 등을 비치해 두면 좋았을 텐데, 찾아보니 해열진통제는 없었다”고 덧붙였다.\r\n\r\n현재 방역 당국은 집중관리군에 해열제, 체온계, 산소포화도 측정기, 세척용 소독제, 자가검사키트 등이 들어 있는 재택치료키트를 지급한다.\r\n\r\n집중관리군은 60세 이상과 코로나19 경구용(먹는) 치료제를 투약 대상자로 각 지방자치단체가 집중관리가 필요하다고 판단한 사람이다. 50대 기저질환자와 면역저하자도 집중관리군에 포함된다. 기저질환은 당뇨병, 고혈압을 비롯한 심혈관질환, 만성신장질환, 만성폐질환(천식 포함), 암, 과체중(BMI 25 이상) 등이다.\r\n\r\n집중관리군을 제외한 나머지 확진자는 모두 일반관리군이다.','2022-02-18 01:28:34',NULL,'2022-02-19 00:00:00','2022-02-21 00:00:00',0,NULL),(10,2,'면역저하자 등 4차접종 시작...60세 이상은 \'제외\'','면역저하자와 요양병원 환자 등에 대한 코로나19 백신 4차 접종이 시작됐습니다.\r\n\r\n정부는 60살 이상을 포함한 일반인에 대한 4차 접종은 검토하고 있지 않다고 밝혔습니다.\r\n\r\n홍주예 기자입니다.\r\n\r\n[기자]\r\n최근 영국에서 발표된 분석 결과를 보면, 오미크론에 대한 감염 예방 효과는 3차 접종 후 3개월이 지나면서 빠르게 감소해, 15주 이후부터는 20~40%에 그치는 것으로 나타났습니다.\r\n\r\n실제로 국내에서도 3차 접종 후 시간이 흐르며 요양병원과 시설 등의 집단 발생이 늘고 있습니다.\r\n\r\n대부분 중증과 사망으로 진행하기 쉬운 고위험군입니다.\r\n\r\n이에 따라 정부는 면역저하자 130만 명과, 요양병원과 시설 입소자·종사자 50만 명을 대상으로 4차 접종을 시작했습니다.\r\n\r\n3차 접종을 마친 지 넉 달이 지나면 화이자나 모더나 백신으로 접종할 수 있습니다.\r\n\r\n[정은경 / 질병관리청장 : 면역저하자와 요양병원·시설은 3차 접종 후 시간 경과에 따른 면역 감소로 최근에 누적 위중증 위험비 그리고 사망의 위험비가 높아지고 있어서 추가접종이 필요하다고 판단하고 있습니다.]\r\n\r\n최근 확진 규모와 비중이 모두 증가 추세인 60살 이상은 4차 접종 대상에서 빠졌습니다.\r\n\r\n3차 접종 효과가 아직 남아있고, 설령 감염되더라도 먹는 치료제로 대응할 수 있다는 판단입니다.\r\n\r\n방역 당국은 일반 국민에 대한 4차 접종 계획도 아직 없다고 밝혔습니다.\r\n\r\n4차 접종의 효과를 놓고 전문가들 사이에서 의견이 갈리는 데다, 잦은 부스터샷이 면역 체계에 부담을 줄 수 있다는 분석도 나와, 조심스럽게 접근하는 것으로 풀이됩니다.\r\n\r\n[이혁민 / 세브란스병원 진단검사의학과 교수 : 변이된 바이러스에 의한 백신이 나오면 모르겠지만 현재 지금 갖고 있는 백신을 4차로 일반인들에게 접종하는 것은 저희가 효과나 이런 측면에서 봤을 때는 조금 더 기다려봐야 될 것 같습니다.]\r\n\r\n방역당국은 또, 4차 접종은 소수의 고위험군을 중심으로 진행하는 거라, 방역패스에 연계하는 것도 검토하지 않는다고 설명했습니다.\r\n','2022-02-18 01:28:59',NULL,'2022-02-21 00:00:00','2022-02-28 00:00:00',0,NULL),(11,2,'경동맥 협착증 Occlusion and stenosis of carotid artery','예고 없이 찾아오는 병, 경동맥협착증 \r\n\r\n\r\n\r\n\r\n\r\n경동맥 협착증이란?\r\n\r\n\r\n뇌경색, 뇌출혈은 모두 들어본 적이 있을 거예요. 하지만 이러한 질환의 원인이 될 수 있는 경동맥협착증은 이름도 낯설고 미리 알아차리기도 어려워요. 경동맥협착증은 무엇이고, 어디가 좁아진다는 말일까요? 왜 문제가 되는 걸까요?\r\n\r\n경동맥은 대동맥에서 뻗어 나와서 뇌로 혈액을 공급해주는 아주 중요한 혈관이에요. 목 가운데에서 손가락 세 마디 정도 옆으로 따라가다 보면 심장 박동이 느껴지는 곳을 양쪽에서 확인할 수 있는데, 이곳이 경동맥이에요. 이 혈관이 깨끗하게 유지되어야 뇌로 혈액이 쉽게 공급돼요. 하지만 노화, 고혈압이나 당뇨병, 이상지질혈증 같은 만성질환, 흡연이나 비만 등 생활 습관으로 인해 혈관이 손상을 받고 콜레스테롤 찌꺼기인 플라크가 쌓이는 죽상경화증이 생기면 경동맥도 좁아지게 돼요. 이렇게 경동맥이 좁아지고 막히는 것이 경동맥협착증이에요. \r\n\r\n\r\n경동맥 협착증의 증상\r\n\r\n\r\n경동맥협착증은 혈관이 좁아진 정도에 따라 증상이 뚜렷하게 나타나지 않을 수도 있어요. 하지만 일과성 허혈 발작이나 뇌졸중이 생기고 나서야 알아차리는 경우가 많으므로 미리 대비하기가 어려워요. 그래서 위험 인자가 있거나 심뇌혈관 질환의 가족력이 있다면 의사와 상의 후 주기적으로 진료와 검사를 받는 것이 중요해요. \r\n\r\n\r\n\r\n경동맥 협착증의 진단과 치료\r\n\r\n\r\n병원을 방문하면 의사는 경동맥을 청진하기도 하고, 경동맥 초음파, 혈관 촬영 등을 통하여 좁아진 경동맥의 상태를 확인하고 치료 방향을 결정해요. \r\n\r\n경동맥협착증의 치료 목표는 궁극적으로 뇌졸중이 일어나지 않도록 하는 거예요. 항고혈압 약제나 이상지질혈증 약제를 복용하면서 위험 요인을 관리하고, 항혈소판제 등을 복용하기도 해요. 하지만 협착의 정도가 심하거나 이미 일과성 허혈 발작이나 뇌졸중이 있는 경우에는 경동맥 내막 절제술을 시행하거나 카테터 삽입을 통한 혈관 성형술, 스텐트 삽입술 등을 통해 좁아진 경동맥을 넓혀 주기도 해요. \r\n\r\n\r\n주의사항\r\n\r\n\r\n경동맥협착증을 비롯한 혈관 질환은 치료도 중요하지만, 위험인자를 관리하는 예방도 중요해요. 금연과 금주는 필수에요. 규칙적인 운동으로 건강한 체중을 유지하는 것도 도움이 돼요. 너무 짠 음식, 고지방 음식은 멀리하고 대신 신선한 과일과 채소를 충분히 섭취하세요. 고혈압과 당뇨병, 이상지질혈증 같은 만성질환은 꾸준히 관리하세요. ','2022-02-18 01:29:35',NULL,'2022-02-18 00:00:00','2022-02-20 00:00:00',0,NULL),(12,2,'타액선염 Sialoadenitis','턱이 퉁퉁 부었어요, 타액선염(침샘염)\r\n\r\n\r\n\r\n\r\n\r\n타액선염(침샘염)이란?\r\n\r\n\r\n입에서 분비되는 침은 소화를 도와주고 입속을 깨끗하게 유지하는 역할을 해요. 침을 분비하는 곳을 타액선(침샘)이라고 해요. 얼굴에는 귀 아래(이하선), 혀 아래(설하선), 턱 아래(악하선)에 큰 침샘이 있어요. 이 외에도 작은 침샘들이 많이 있어요. 이런 침샘이 감염되어서 염증이 발생하는 것을 타액선염(침샘염)이라고 해요. \r\n\r\n\r\n\r\n타액선염의 원인\r\n\r\n타액선염은 주로 바이러스나 세균에 감염되면서 생겨요. 귀 아래 이하선을 감염시키는 질환이 유행성 이하선염, 다른 말로 볼거리예요. 타액선염은 수술을 받고 쇠약해져 있거나 만성 질환이 있는 사람, 면역력이 떨어진 사람, 탈수가 심한 사람에게 잘 생겨요. 침샘에 칼슘이 쌓이면서 돌이 되는 타석이 생기면 침샘이 막혀서 염증이 생기기도 해요. 자가면역질환으로 침 분비가 잘되지 않고 염증이 반복되거나, 얼굴에 방사선 치료를 받았을 때도 타액선염이 생길 수 있어요. \r\n\r\n\r\n\r\n타액선염의 증상\r\n\r\n\r\n타액선염이 생기면 염증이 생긴 침샘 주변 부위가 단단하게 붓고 열이 나요. 갑작스러운 통증이 시작되는데, 입을 벌리거나 음식을 씹을 때 더 아파요. 침 분비가 줄어들어서 입이 말라요. 감염이 심해지면 침샘에 고름이 고이기도 해요. \r\n\r\n\r\n\r\n타액선염의 진단과 치료\r\n\r\n\r\n부어오른 침샘의 위치와 양상, 환자가 느끼는 증상을 확인하면 타액선염을 진단할 수 있어요. 침샘에서 나오는 삼출물로 배양검사를 하면, 원인이 되는 세균을 확인해서 적절한 항생제를 사용하는 데 도움이 돼요. CT나 MRI 같은 영상 검사로 침샘과 주변 조직의 상태를 확인하기도 해요. \r\n\r\n세균감염으로 생긴 타액선염은 원인이 되는 균에 맞는 항생제를 사용해서 치료해요. 항생제 사용과 함께, 증상이 좋아질 때까지 수분을 충분히 섭취하면서 휴식을 취하는 것이 중요해요. 침샘에 고름이 차 있다면 배액 해서 고름을 빼내 주는 치료가 도움이 돼요. 타석 때문에 타액선염이 생기고 자꾸 재발한다면 타석을 제거하는 수술을 하기도 해요. \r\n\r\n면역력이 저하된 사람은 타액선염을 치료하지 않았을 때 다른 장기로 감염이 번질 수 있어서 주의해야 해요. \r\n\r\n\r\n\r\n타액선염을 예방하는 특별한 방법은 알려지지 않아요. 하지만 평소 수분 섭취를 충분히 하고 구강을 청결하게 유지하는 생활 습관은 도움이 될 수 있어요. ','2022-02-18 01:29:54',NULL,'2022-02-22 00:00:00','2022-02-23 00:00:00',0,NULL),(13,3,'2022 Yonsei-WFNS-KSBS Cadaver Dissection Course','2022 Yonsei-WFNS-KSBS Cadaver Dissection Course\r\n\r\n\r\n\r\nDate : May 2, 2022- May 5, 2022\r\n\r\nLocation : Yonsei University Hospital, Surgical Anatomy Education Center\r\n\r\nCountry : Seoul, Korea\r\n\r\nPlease click here to see the 2019 Yonsei-WFNS-KSBS Cadaver Dissection Course\r\n\r\nContact Person : Chang-Ki Hong (TEL: +82 10 7160 7637), Hun Ho Park (TEL: +82 10 8961 5852)\r\nEmail : yedamin@yuhs.ac\r\n','2022-02-18 01:30:23',NULL,'2022-05-02 00:00:00','2022-05-05 00:00:00',0,NULL),(14,3,'건강 설문 참여 이벤트!','건강 설문 참여 이벤트!!!\r\n\r\n\r\n병원 내 비치 된 키오스크를 통해 건강설문을 하시면 추첨을 통해 종합 건강 검진권을 보내 드립니다.\r\n\r\n','2022-02-18 01:30:39',NULL,'2022-02-18 00:00:00','2022-03-12 00:00:00',0,NULL),(15,3,'제34회 신장내과 연수강좌 공지','제34회 신장내과 연수강좌 공지\r\n\r\n\r\n\r\n\r\n일 시 : 2022 10월 14일 (일) / 오전 8시 00분 ~ 오후 17시 30분\r\n\r\n\r\n장 소 : 세브란스병원 본관 6층 은명대강당\r\n\r\n\r\n평 점: 대한의사협회 6점, 내과분과전문의 6점\r\n\r\n\r\n문의전화 : 전화 02-2228-5347 , 팩스 : 02-2227-7752\r\n\r\n\r\n문의 이메일: jooys84@yuhs.ac\r\n\r\n사전등록마감 : 2018년 10월 10일 (수)\r\n\r\n사전등록주소 : http://admin.blue-bell.co.kr/yuhs201810\r\n','2022-02-18 01:30:59',NULL,'2022-02-18 00:00:00','2022-03-01 00:00:00',0,NULL),(16,3,'면역저하자 등 4차접종 시작...60세 이상은 \'제외\'','면역저하자와 요양병원 환자 등에 대한 코로나19 백신 4차 접종이 시작됐습니다.\r\n\r\n정부는 60살 이상을 포함한 일반인에 대한 4차 접종은 검토하고 있지 않다고 밝혔습니다.\r\n\r\n홍주예 기자입니다.\r\n\r\n[기자]\r\n최근 영국에서 발표된 분석 결과를 보면, 오미크론에 대한 감염 예방 효과는 3차 접종 후 3개월이 지나면서 빠르게 감소해, 15주 이후부터는 20~40%에 그치는 것으로 나타났습니다.\r\n\r\n실제로 국내에서도 3차 접종 후 시간이 흐르며 요양병원과 시설 등의 집단 발생이 늘고 있습니다.\r\n\r\n대부분 중증과 사망으로 진행하기 쉬운 고위험군입니다.\r\n\r\n이에 따라 정부는 면역저하자 130만 명과, 요양병원과 시설 입소자·종사자 50만 명을 대상으로 4차 접종을 시작했습니다.\r\n\r\n3차 접종을 마친 지 넉 달이 지나면 화이자나 모더나 백신으로 접종할 수 있습니다.\r\n\r\n[정은경 / 질병관리청장 : 면역저하자와 요양병원·시설은 3차 접종 후 시간 경과에 따른 면역 감소로 최근에 누적 위중증 위험비 그리고 사망의 위험비가 높아지고 있어서 추가접종이 필요하다고 판단하고 있습니다.]\r\n\r\n최근 확진 규모와 비중이 모두 증가 추세인 60살 이상은 4차 접종 대상에서 빠졌습니다.\r\n\r\n3차 접종 효과가 아직 남아있고, 설령 감염되더라도 먹는 치료제로 대응할 수 있다는 판단입니다.\r\n\r\n방역 당국은 일반 국민에 대한 4차 접종 계획도 아직 없다고 밝혔습니다.\r\n\r\n4차 접종의 효과를 놓고 전문가들 사이에서 의견이 갈리는 데다, 잦은 부스터샷이 면역 체계에 부담을 줄 수 있다는 분석도 나와, 조심스럽게 접근하는 것으로 풀이됩니다.\r\n\r\n[이혁민 / 세브란스병원 진단검사의학과 교수 : 변이된 바이러스에 의한 백신이 나오면 모르겠지만 현재 지금 갖고 있는 백신을 4차로 일반인들에게 접종하는 것은 저희가 효과나 이런 측면에서 봤을 때는 조금 더 기다려봐야 될 것 같습니다.]\r\n\r\n방역당국은 또, 4차 접종은 소수의 고위험군을 중심으로 진행하는 거라, 방역패스에 연계하는 것도 검토하지 않는다고 설명했습니다.\r\n','2022-02-18 01:31:15',NULL,'2022-02-21 00:00:00','2022-02-28 00:00:00',0,NULL),(17,3,'2022년 제3차 세브란스병원 내과부 입원의학 심포지엄 개최 안내','2019년 제3차 세브란스병원 내과부 입원의학 심포지엄 개최 안내\r\n\r\n\r\n일시 : 2019년 12월 21일(토), 오전 8시 30분 ~ 12시 30분\r\n\r\n장소 : 연세대학교 의과대학 1층 윤인배 홀 (의대강당)\r\n\r\n평점 : 대한의사협회 3점, 내과전문의 평생교육 3점\r\n\r\n사전등록마감 : 2019년 12월 18일 (수)\r\n\r\n사전등록비 입금계좌: 1002-759-118413 우리은행(예금주: 이은직)\r\n\r\n사전등록 바로가기: http://www.yumcima.com/common/news/news03_view.asp?idx=52&page=1&s_string=&b_search=\r\n\r\n문 의 : 02-2228-1930 / jwyun138@yuhs.ac','2022-02-18 01:31:29',NULL,'2022-02-21 00:00:00','2022-02-25 00:00:00',0,NULL),(18,3,'제11회 세브란스 뇌졸중센터 심포지엄','제11회 세브란스 뇌졸중센터 심포지엄\r\n\r\n\r\n·                   일시: 2022년 2월 23일(토요일) 오전 8시 50분 ~ 오후 12시 30분\r\n\r\n·                   장소: 연세대학교 의과대학 종합관 337 강의실 \r\n\r\n·                   등록마감: 2022년 2월 17일(월요일) \r\n\r\n·                   등록비: 무료 / 연수평점:  3평점\r\n\r\n·                   문의사항: 고은이(세브란스병원 뇌졸중센터 코디네이터) 010-4435-3694\r\n\r\n·                   등록방법: windlumi@yuhs.ac \r\n\r\n      이름, 의사면허번호, 소속기관, 근무과, 직책(개원의/봉직의/전공의/기타:  ), E-mail 기재 및 회신\r\n\r\n \r\n\r\n*행사 당일 병원 내 주차가능 및 현장등록가능\r\n\r\n*강의실 입∙퇴실 서명이 모두 이루어지지 않으면 연수평점이 인정되지 않습니다 \r\n\r\n ','2022-02-18 01:31:45',NULL,'2022-02-23 00:00:00','2022-02-24 00:00:00',0,NULL),(19,3,'타액선염 Sialoadenitis','턱이 퉁퉁 부었어요, 타액선염(침샘염)\r\n\r\n\r\n\r\n\r\n\r\n타액선염(침샘염)이란?\r\n\r\n\r\n입에서 분비되는 침은 소화를 도와주고 입속을 깨끗하게 유지하는 역할을 해요. 침을 분비하는 곳을 타액선(침샘)이라고 해요. 얼굴에는 귀 아래(이하선), 혀 아래(설하선), 턱 아래(악하선)에 큰 침샘이 있어요. 이 외에도 작은 침샘들이 많이 있어요. 이런 침샘이 감염되어서 염증이 발생하는 것을 타액선염(침샘염)이라고 해요. \r\n\r\n\r\n\r\n타액선염의 원인\r\n\r\n타액선염은 주로 바이러스나 세균에 감염되면서 생겨요. 귀 아래 이하선을 감염시키는 질환이 유행성 이하선염, 다른 말로 볼거리예요. 타액선염은 수술을 받고 쇠약해져 있거나 만성 질환이 있는 사람, 면역력이 떨어진 사람, 탈수가 심한 사람에게 잘 생겨요. 침샘에 칼슘이 쌓이면서 돌이 되는 타석이 생기면 침샘이 막혀서 염증이 생기기도 해요. 자가면역질환으로 침 분비가 잘되지 않고 염증이 반복되거나, 얼굴에 방사선 치료를 받았을 때도 타액선염이 생길 수 있어요. \r\n\r\n\r\n\r\n타액선염의 증상\r\n\r\n\r\n타액선염이 생기면 염증이 생긴 침샘 주변 부위가 단단하게 붓고 열이 나요. 갑작스러운 통증이 시작되는데, 입을 벌리거나 음식을 씹을 때 더 아파요. 침 분비가 줄어들어서 입이 말라요. 감염이 심해지면 침샘에 고름이 고이기도 해요. \r\n\r\n\r\n\r\n타액선염의 진단과 치료\r\n\r\n\r\n부어오른 침샘의 위치와 양상, 환자가 느끼는 증상을 확인하면 타액선염을 진단할 수 있어요. 침샘에서 나오는 삼출물로 배양검사를 하면, 원인이 되는 세균을 확인해서 적절한 항생제를 사용하는 데 도움이 돼요. CT나 MRI 같은 영상 검사로 침샘과 주변 조직의 상태를 확인하기도 해요. \r\n\r\n세균감염으로 생긴 타액선염은 원인이 되는 균에 맞는 항생제를 사용해서 치료해요. 항생제 사용과 함께, 증상이 좋아질 때까지 수분을 충분히 섭취하면서 휴식을 취하는 것이 중요해요. 침샘에 고름이 차 있다면 배액 해서 고름을 빼내 주는 치료가 도움이 돼요. 타석 때문에 타액선염이 생기고 자꾸 재발한다면 타석을 제거하는 수술을 하기도 해요. \r\n\r\n면역력이 저하된 사람은 타액선염을 치료하지 않았을 때 다른 장기로 감염이 번질 수 있어서 주의해야 해요. \r\n\r\n\r\n\r\n타액선염을 예방하는 특별한 방법은 알려지지 않아요. 하지만 평소 수분 섭취를 충분히 하고 구강을 청결하게 유지하는 생활 습관은 도움이 될 수 있어요. ','2022-02-18 01:32:00',NULL,'2022-02-22 00:00:00','2022-02-23 00:00:00',0,NULL),(20,3,'세브란스병원, NCSI 11년 연속 1위 기념 이벤트','세브란스병원, NCSI 11년 연속 1위\r\n\r\n\r\n“치료의 시작은 존중에서” 존중캠페인·공감카드로 환자와 신뢰 형성\r\n비대면 의료서비스 고도화 등 편의성 향상으로 만족도 높여\r\n\r\n\r\n\r\n세브란스병원(병원장 하종원)이 병원으로는 국내 최초로 한국생산성본부가 선정하는 국가고객만족도(NCSI) 11년 연속 1위를 달성했다고 6일 밝혔다.\r\n\r\n\r\n\r\n세브란스병원은 환자를 존중하는 존중캠페인을 비롯해 코로나19 확산에 따른 비대면 의료서비스를 고도화하고 환자들의 경험을 바탕으로 한 병원 시스템 개선 등에서 높은 평가를 받았다. \r\n\r\n\r\n\r\n세브란스병원은 환자들이 치료를 받는 과정에서 느낄 수 있는 심리적 불안과 불편을 줄이고 배려와 존중을 받는다는 느낌을 가질 수 있도록 다양한 제도를 마련했다. 개인의 프라이버시를 지키며 의료진과 환자는 물론 환자와 환자간 에티켓을 지켜 편안한 치유환경도 조성했다. 환자들이 병원을 이용하며 느낄 수 있는 안전문제나 다양한 불편사항도 지표를 마련해 관리하고 있다.\r\n\r\n\r\n\r\n환자를 존중하는 소통과 배려 문화 확산\r\n\r\n\r\n세브란스병원은 환자들이 입원이나 검사, 치료를 받는 과정에서 발생할 수 있는 불필요한 신체 노출 방지를 위해 병실과 검사실 커튼에 환자의 동의를 구할 수 있는 ‘커튼 푯말’을 설치했다. 환자를 치료하는 의료진이라도 입원 공간에는 환자에게 확인하고 들어간다. \r\n\r\n\r\n\r\n여기에 환자와 보호자간에도 존중할 수 있는 분위기를 형성하기 위해 병실생활에서 지켜야 할 기본적인 에티켓을 애니메이션 교육자료로 만들어 제공하고 있다. 자료에는 입원생활에 대한 각종 안내 내용도 담아 환자와 보호자들이 병원의 다양한 서비스를 체험할 수 있도록 안내하고 있다. \r\n\r\n\r\n\r\n입원환자들을 대상으로 공감 문구를 담은 캘리그라피와 일러스트 이미지를 제작해 카카오톡으로 전송하는 ‘공감카드’도 새롭게 도입했다. 계절별로 힐링과 응원, 사랑, 용기 등 7가지 테마를 제작해 입원 생활에 대한 불안감을 해소하고 병원과 신뢰관계를 형성해 치료 효과를 높이고 있다.\r\n\r\n\r\n\r\n입원환자들이 자신의 상태나 향후 치료계획 등 궁금한 점을 해소할 수 있도록 회진 게시판도 운영하고 있다. 회진 시간 안내와 함께 환자나 보호자가 궁금한 내용을 미리 메모해 회진 게시판에 부착하면 회진 때 자세한 설명을 들을 수 있다. \r\n\r\n\r\n\r\n‘꿀잠 프로젝트’는 불필요한 소음과 조명을 최소화해 환자들이 숙면을 취할 수 있도록 돕는다. 여기에 수술이나 시술을 앞둔 환자의 금식 시간을 최소한으로 줄여 불안감을 줄이는 동시에 빠른 회복을 이끄는 ‘공복탈출 프로젝트’ 등 다양한 프로그램을 운영하며 치유 효과와 만족도를 높이고 있다.','2022-02-18 01:32:23','2022-02-18 01:32:39','2022-02-18 00:00:00','2022-02-22 00:00:00',0,'2022-02-18 10:32:23로봇수술 심포지엄.jpg'),(21,3,'\"해열진통제 사둘 걸\"...\'코로나19 담당자\'가 전한 재택치료기','코로나19 확진 판정을 받은 류근혁 보건복지부 제2차관의 ‘재택치료 일지’가 눈길을 끌고 있다.\r\n\r\n보건복지부는 지난 13일 페이스북을 통해 류 차관의 ‘재택치료, 이렇게 받고 있습니다’를 공개했다. 류 차관이 맡은 복지부 제2차관은 코로나19 사태로 인해 2020년 9월 신설된 자리로, 보건 업무를 담당한다.\r\n\r\n류 차관은 지난 11일 오전 9시 30분께 코로나19 중앙재난안전대책본부 회의 뒤 전날 회의의 다른 참석자가 확진됐다는 소식을 접하고 자가검사키트 검사 결과 양성인 ‘두 줄’을 확인했다.\r\n\r\n그는 “일단 같은 공간을 쓰는 사무실 직원과 회의를 위해 만났던 사람들에게 연락해 신속항원검사를 받도록 알리고, 11시 30분쯤 바로 조치원 소재 세종시 보건소 선별검사소로 PCR 검사를 받으러 갔다. 검사받은 후에는 자택 대기가 원칙이라, 바로 세종시 숙소로 와서 대기했다”고 전했다.\r\n\r\n\r\n류근혁 중앙재난안전대책본부 제1총괄조정관(보건복지부 2차관)이 지난 9일 오전 세종시 정부세종청사에서 열린 신종 코로나바이러스 감염증(코로나19) 대응 중앙재난안전대책본부 회의를 주재하고 있다 (사진=연합뉴스)\r\n\r\n당시 류 차관은 발열이나 인후통 등 특별한 증상이 없었던 것으로 알려졌다. 그는 또 “서울에 있는 아내가 검사를 받아야 할지 궁금했다. 확진일 2일 전부터 만난 가족은 동거인으로 분류되고, 동거인은 모두 밀접접촉자로 분류되어 선별진료서에서 PCR 검사를 받아야 한다고 알려주었다”고 설명했다.\r\n\r\nPCR 검사 당일 오후 4시가 넘어 보건소로부터 양성이라는 연락을 받은 그는 12일 오전 9시께 ‘확진검사 결과 통보’를 문자 메시지로 받았다.\r\n\r\n이후 이름, 연락처, 동거가족과 가족 연락처, 기저질환 등을 묻는 ‘자기기입식 역학조사’를 하라는 문자 메시지와 보건소 총괄팀의 전화 연락을 받았다고 전했다.\r\n\r\n방역 당국에 따르면 동거인이 검사에서 음성으로 확인되면 예방접종력에 따라 격리 여부가 결정된다.\r\n\r\n\r\n음성 확인된 예방접종완료자(3차 접종 완료, 2차 접종 14~90일)라면, 7일간의 격리가 면제돼 외출 등 일상생활은 할 수 있고 의심증상이 나타나면 가까운 동네 병·의원에서 검사가 필요한 수동감시 대상이 된다. 반면, PCR 음성이 확인되었으나 예방접종완료자가 아니라면 7일간 격리대상으로 외출이 금지된다. 다만 의약품이나 생필품 구매를 위해 1일 2시간 외출은 가능하다.\r\n\r\n류 차관은 확진 이틀째, 자기기입식 역학조사 내용을 확인한 보건소 재택치료팀으로부터 주의사항과 의료 상담 및 처방 방법 등을 전화로 안내받았고 건강 상태를 확인받았다고 전했다.\r\n\r\n그러면서 “(오후) 3시가 넘어갈 무렵, 목에 통증이 있고 기침이 나며 약간의 가래가 생겼다. 전형적인 목감기 증상과 매우 유사했다”고 증상을 설명했다.\r\n\r\n이어 “일반관리군이라 치료키트와 같은 물품 지원은 없었다. 평소에 체온계와 아세트아미노펜 계열 해열진통제 등을 비치해 두면 좋았을 텐데, 찾아보니 해열진통제는 없었다”고 덧붙였다.\r\n\r\n현재 방역 당국은 집중관리군에 해열제, 체온계, 산소포화도 측정기, 세척용 소독제, 자가검사키트 등이 들어 있는 재택치료키트를 지급한다.\r\n\r\n집중관리군은 60세 이상과 코로나19 경구용(먹는) 치료제를 투약 대상자로 각 지방자치단체가 집중관리가 필요하다고 판단한 사람이다. 50대 기저질환자와 면역저하자도 집중관리군에 포함된다. 기저질환은 당뇨병, 고혈압을 비롯한 심혈관질환, 만성신장질환, 만성폐질환(천식 포함), 암, 과체중(BMI 25 이상) 등이다.\r\n\r\n집중관리군을 제외한 나머지 확진자는 모두 일반관리군이다.','2022-02-18 01:32:57',NULL,'2022-02-19 00:00:00','2022-02-21 00:00:00',0,NULL),(22,3,'“깨더라도 시계 보지 마라” 꿀잠 자는 10가지 비법','수면제 받으러 가기 전 ‘앱 처방’ 받으세요\r\n디지틀로 잠을 관리하는 시대\r\n\r\n밤에 잠 잘 자는 수면 위생 10가지\r\n\r\n66세 여성 남모씨는 초등학교 교사였다. 정년 퇴임 후 동호회 활동, 외국어 공부 등을 하며 바쁘게 지냈다. 그런데 3년쯤 지나자 밤에 잠이 안 오기 시작했다. 나중에는 해 뜰 때가 되어서 잠자게 되어 일상생활이 엉망이 되었다. 수면클리닉에서 진단을 받아보니, 정년 퇴임 후 자유를 만끽한 것이 문제였음을 깨달았다. 늦은 시간까지 모임을 하느라 잠자는 시간이 불규칙해졌고, 이에 따라 아침에 일어나는 시간도 매일 달랐다.\r\n\r\n수면 습관을 교정하는 인지행동치료를 통해 불규칙한 수면 스케줄을 일정하게 하자, 불면증이 점차 호전됐다. 요즘은 전날 무엇을 하든, 주말이나 휴일이든, 아침 6시에 일어난다. 그러자 밤 11시 정도가 되면 자연스레 졸음이 와서 잠에 잘 빠져든다.\r\n\r\n◇불면증, 약 대신 인지행동치료\r\n\r\n수면장애 환자가 크게 늘고 있다. 인구 고령화와 밤에도 뭔가를 하는 일상 탓이다. 수면장애 환자는 2010년 49만명이던 것이, 2020년에는 104만명으로 늘었다(건강보험심사평가원 통계). 10년 사이 두 배가 됐다.\r\n\r\n\r\n\r\n잠의 시작 혹은 유지에 어려움이 있거나, 다시 잠들 수 없는 새벽 각성이 주 3일 이상 3개월 이상 지속되면 불면증으로 진단할 수 있다. 그 정도면 일상이 힘들고, 학업, 직업 등에 기능 손실이 일어난다. 불면증은 우울증이나 치매와 같은 정신질환 발병뿐 아니라, 당뇨병이나 심혈관계질환 유발 및 악화 요인이 되니 결코 가볍게 여길 수 없다.\r\n\r\n불면증은 잠을 유지하는 데 취약한 기질이나 성격이 원인을 제공하여 오거나 스트레스가 급성 불면 증상을 일으킬 수 있다. 하지만 불면증이 장기간 지속되는 원인은 역설적으로 불면증 자체에 대한 스트레스 때문이라는 것이 정설이다. “오늘은 잘 수 있을까?” “오늘 못 자면 내일 발표를 망칠 텐데” 등의 불안과 걱정, 그리고 잠이 안 오는데도 침대에서 계속 뒤척이는 식의 수면에 방해되는 행동 반복에 있다는 설명이다.\r\n\r\n이런 배경 속에 수면에 대한 행동과 인식을 교정하는 인지행동치료가 불면증 주요 치료 수단으로 떠올랐다. 수면 스케줄을 짜고, 때로는 수면 시간을 제한하고, 잠에 들게 하는 수면 위생을 훈련시키는 방식이다. 이런 치료가 수면제를 복용하는 경우와 비교해도 효과가 더 우수하거나 비슷하다.\r\n\r\n◇디지털 앱으로 수면 관리\r\n\r\n불면증 인지행동치료는 정신건강의학과 의사가 직접 처방하고 시행해야 하기 때문에 널리 파급되지 못했다. 최근 스마트폰이 널리 쓰이면서 모바일 앱을 이용한 불면증 인지행동치료가 활발하다. 약을 처방받듯, 모바일 앱을 통해 인지행동치료를 처방받는 세상이 온 것이다. 미국 식품의약국은 2020년 불면증 디지털 치료제 솜리스트(Somryst) 처방 및 사용을 승인했다. 치료 효과를 인정받았다는 의미다. 영국은 국가건강보험제도를 통해 불면증 디지털 치료제 사용 비용을 지원한다. 다만 원격 진료 의사의 처방이 필요하다.\r\n\r\n의사 처방 없이 수면 건강 증진 목적의 모바일 앱은 다양하게 나와 있다. 숲속 바람소리, 시냇물 흘러가는 소리 등 백색 소음을 통해 수면을 유도하거나, 명상이나 간단한 스트레칭, 스트레스 대처 방안 등을 제공한다. 지난해 미국에서 가장 인기 있었던 앱으로는 캄(Calm), 슬립사이클(Sleep cycle), 슬립스코어(SleepScore), 헤드스페이스(Headspace), 필로(Pillow) 등이 있다. 대다수가 한국어 지원 서비스를 한다.\r\n\r\n몇몇 앱은 스마트폰에 내장된 센서를 이용하여 수면을 분석하고 조언을 제공한다. 작년 한 해 동안 한국의 모바일 앱 시장에서 좋은 평판을 받았던 수면 건강 앱으로는 슬립 모니터(Sleep Monitor), 슬립 사이클(Sleep cycle), 베터 슬립(BetterSleep), 슬립 티오리(Sleep Theory) 등이 있다.\r\n\r\n올해는 우리나라에서 첫 번째 디지털 치료제가 등장할 전망이다. 에임메드와 웰트가 개발 중인 디지털 치료제가 식품의약품안전처로부터 임상시험 계획을 승인받아 수행 중에 있다. 한국형 인지행동 치료제가 우리나라 환자에게 쓰인다는 의미를 갖는다. 일상의 디지털로 잠을 관리하는 시대가 오고 있다.\r\n','2022-02-18 01:33:13','2022-02-18 01:33:17','2022-02-18 00:00:00','2022-03-12 00:00:00',0,'2022-02-18 10:33:17잘자는법.png'),(23,3,'경동맥 협착증 Occlusion and stenosis of carotid artery','예고 없이 찾아오는 병, 경동맥협착증 \r\n\r\n\r\n\r\n\r\n\r\n경동맥 협착증이란?\r\n\r\n\r\n뇌경색, 뇌출혈은 모두 들어본 적이 있을 거예요. 하지만 이러한 질환의 원인이 될 수 있는 경동맥협착증은 이름도 낯설고 미리 알아차리기도 어려워요. 경동맥협착증은 무엇이고, 어디가 좁아진다는 말일까요? 왜 문제가 되는 걸까요?\r\n\r\n경동맥은 대동맥에서 뻗어 나와서 뇌로 혈액을 공급해주는 아주 중요한 혈관이에요. 목 가운데에서 손가락 세 마디 정도 옆으로 따라가다 보면 심장 박동이 느껴지는 곳을 양쪽에서 확인할 수 있는데, 이곳이 경동맥이에요. 이 혈관이 깨끗하게 유지되어야 뇌로 혈액이 쉽게 공급돼요. 하지만 노화, 고혈압이나 당뇨병, 이상지질혈증 같은 만성질환, 흡연이나 비만 등 생활 습관으로 인해 혈관이 손상을 받고 콜레스테롤 찌꺼기인 플라크가 쌓이는 죽상경화증이 생기면 경동맥도 좁아지게 돼요. 이렇게 경동맥이 좁아지고 막히는 것이 경동맥협착증이에요. \r\n\r\n\r\n경동맥 협착증의 증상\r\n\r\n\r\n경동맥협착증은 혈관이 좁아진 정도에 따라 증상이 뚜렷하게 나타나지 않을 수도 있어요. 하지만 일과성 허혈 발작이나 뇌졸중이 생기고 나서야 알아차리는 경우가 많으므로 미리 대비하기가 어려워요. 그래서 위험 인자가 있거나 심뇌혈관 질환의 가족력이 있다면 의사와 상의 후 주기적으로 진료와 검사를 받는 것이 중요해요. \r\n\r\n\r\n\r\n경동맥 협착증의 진단과 치료\r\n\r\n\r\n병원을 방문하면 의사는 경동맥을 청진하기도 하고, 경동맥 초음파, 혈관 촬영 등을 통하여 좁아진 경동맥의 상태를 확인하고 치료 방향을 결정해요. \r\n\r\n경동맥협착증의 치료 목표는 궁극적으로 뇌졸중이 일어나지 않도록 하는 거예요. 항고혈압 약제나 이상지질혈증 약제를 복용하면서 위험 요인을 관리하고, 항혈소판제 등을 복용하기도 해요. 하지만 협착의 정도가 심하거나 이미 일과성 허혈 발작이나 뇌졸중이 있는 경우에는 경동맥 내막 절제술을 시행하거나 카테터 삽입을 통한 혈관 성형술, 스텐트 삽입술 등을 통해 좁아진 경동맥을 넓혀 주기도 해요. \r\n\r\n\r\n주의사항\r\n\r\n\r\n경동맥협착증을 비롯한 혈관 질환은 치료도 중요하지만, 위험인자를 관리하는 예방도 중요해요. 금연과 금주는 필수에요. 규칙적인 운동으로 건강한 체중을 유지하는 것도 도움이 돼요. 너무 짠 음식, 고지방 음식은 멀리하고 대신 신선한 과일과 채소를 충분히 섭취하세요. 고혈압과 당뇨병, 이상지질혈증 같은 만성질환은 꾸준히 관리하세요. ','2022-02-18 01:33:36',NULL,'2022-02-18 00:00:00','2022-02-20 00:00:00',0,NULL),(24,3,'면역저하자 등 4차접종 시작...60세 이상은 \'제외\'','[앵커]\r\n면역저하자와 요양병원 환자 등에 대한 코로나19 백신 4차 접종이 시작됐습니다.\r\n\r\n정부는 60살 이상을 포함한 일반인에 대한 4차 접종은 검토하고 있지 않다고 밝혔습니다.\r\n\r\n홍주예 기자입니다.\r\n\r\n[기자]\r\n최근 영국에서 발표된 분석 결과를 보면, 오미크론에 대한 감염 예방 효과는 3차 접종 후 3개월이 지나면서 빠르게 감소해, 15주 이후부터는 20~40%에 그치는 것으로 나타났습니다.\r\n\r\n실제로 국내에서도 3차 접종 후 시간이 흐르며 요양병원과 시설 등의 집단 발생이 늘고 있습니다.\r\n\r\n대부분 중증과 사망으로 진행하기 쉬운 고위험군입니다.\r\n\r\n이에 따라 정부는 면역저하자 130만 명과, 요양병원과 시설 입소자·종사자 50만 명을 대상으로 4차 접종을 시작했습니다.\r\n\r\n3차 접종을 마친 지 넉 달이 지나면 화이자나 모더나 백신으로 접종할 수 있습니다.\r\n\r\n[정은경 / 질병관리청장 : 면역저하자와 요양병원·시설은 3차 접종 후 시간 경과에 따른 면역 감소로 최근에 누적 위중증 위험비 그리고 사망의 위험비가 높아지고 있어서 추가접종이 필요하다고 판단하고 있습니다.]\r\n\r\n최근 확진 규모와 비중이 모두 증가 추세인 60살 이상은 4차 접종 대상에서 빠졌습니다.\r\n\r\n3차 접종 효과가 아직 남아있고, 설령 감염되더라도 먹는 치료제로 대응할 수 있다는 판단입니다.\r\n\r\n방역 당국은 일반 국민에 대한 4차 접종 계획도 아직 없다고 밝혔습니다.\r\n\r\n4차 접종의 효과를 놓고 전문가들 사이에서 의견이 갈리는 데다, 잦은 부스터샷이 면역 체계에 부담을 줄 수 있다는 분석도 나와, 조심스럽게 접근하는 것으로 풀이됩니다.\r\n\r\n[이혁민 / 세브란스병원 진단검사의학과 교수 : 변이된 바이러스에 의한 백신이 나오면 모르겠지만 현재 지금 갖고 있는 백신을 4차로 일반인들에게 접종하는 것은 저희가 효과나 이런 측면에서 봤을 때는 조금 더 기다려봐야 될 것 같습니다.]\r\n\r\n방역당국은 또, 4차 접종은 소수의 고위험군을 중심으로 진행하는 거라, 방역패스에 연계하는 것도 검토하지 않는다고 설명했습니다.\r\n','2022-02-18 01:33:59',NULL,'2022-02-18 00:00:00','2022-02-19 00:00:00',0,NULL);
/*!40000 ALTER TABLE `hospital_event` ENABLE KEYS */;
UNLOCK TABLES;

--
-- Table structure for table `hospital_info`
--

DROP TABLE IF EXISTS `hospital_info`;
/*!40101 SET @saved_cs_client     = @@character_set_client */;
/*!50503 SET character_set_client = utf8mb4 */;
CREATE TABLE `hospital_info` (
  `id` int NOT NULL AUTO_INCREMENT,
  `email` varchar(255) NOT NULL,
  `password` varchar(255) NOT NULL,
  `name` varchar(255) NOT NULL,
  `business_number` varchar(50) NOT NULL,
  `phone` varchar(255) NOT NULL,
  `code` varchar(6) DEFAULT NULL,
  `logo_image` varchar(255) DEFAULT 'default_image.png',
  `approval` tinyint(1) NOT NULL DEFAULT '0',
  `admin_approval` tinyint(1) NOT NULL DEFAULT '0',
  `todayCnt` int NOT NULL DEFAULT '0',
  PRIMARY KEY (`id`)
) ENGINE=InnoDB AUTO_INCREMENT=25 DEFAULT CHARSET=utf8mb4 COLLATE=utf8mb4_0900_ai_ci;
/*!40101 SET character_set_client = @saved_cs_client */;

--
-- Dumping data for table `hospital_info`
--

LOCK TABLES `hospital_info` WRITE;
/*!40000 ALTER TABLE `hospital_info` DISABLE KEYS */;
INSERT INTO `hospital_info` VALUES (2,'ssafy24@ssafy.com','$2b$10$3ciMjnYWwoL4jRDcjSE2vezkJn8Chro1uAmmti1KiC9k8kpCSAl/a','SSAFY1병원','111-11-11111','010-1234-6789','ssafy1','2022-02-18 09:59:57default_image.png',0,0,0),(3,'ssafy12@ssafy.com','$2b$10$WEjZmUaaf9Qpw5ynilq0juHFOWRhQMZ9Ru5nouxCmJN3JWnoCQK6e','SSAFY2병원','111-11-11112','010-2345-6789','ssafy2','2022-02-18 10:01:11default_image.png',0,0,0),(24,'admin@admin.com','$2b$10$ZN2tAMtXBs0DPnCFtGzE9e70DdJXgG6a.Agvbvxu.XdqAy2XUs4CK','SSAFY병원','111-11-11110','010-1234-5678','6596b5','2022-02-18 09:59:16default_image.png',0,0,0);
/*!40000 ALTER TABLE `hospital_info` ENABLE KEYS */;
UNLOCK TABLES;

--
-- Table structure for table `hospital_notice`
--

DROP TABLE IF EXISTS `hospital_notice`;
/*!40101 SET @saved_cs_client     = @@character_set_client */;
/*!50503 SET character_set_client = utf8mb4 */;
CREATE TABLE `hospital_notice` (
  `id` int NOT NULL AUTO_INCREMENT,
  `hospital_id` int NOT NULL,
  `title` text NOT NULL,
  `context` text NOT NULL,
  `created_at` timestamp NOT NULL,
  `updated_at` timestamp NULL DEFAULT NULL,
  `views` int DEFAULT '0',
  `fixed` tinyint(1) NOT NULL DEFAULT '0',
  `attachment` varchar(255) DEFAULT NULL,
  PRIMARY KEY (`id`),
  KEY `hospital_id` (`hospital_id`),
  CONSTRAINT `hospital_notice_ibfk_1` FOREIGN KEY (`hospital_id`) REFERENCES `hospital_info` (`id`)
) ENGINE=InnoDB AUTO_INCREMENT=29 DEFAULT CHARSET=utf8mb4 COLLATE=utf8mb4_0900_ai_ci;
/*!40101 SET character_set_client = @saved_cs_client */;

--
-- Dumping data for table `hospital_notice`
--

LOCK TABLES `hospital_notice` WRITE;
/*!40000 ALTER TABLE `hospital_notice` DISABLE KEYS */;
INSERT INTO `hospital_notice` VALUES (1,2,'신촌_코로나 관련 진료 안내','안심진료소(성인 및 소아)\r\n\r\n운영시간\r\n평일 : 08:30-11:30, 13:00-15:30\r\n토요일 : 08:30-11:30\r\n공휴일 휴진\r\n장소 : 본관 3층 출입구 앞(건물 외부)\r\n\r\n\r\n입원 전 코로나 검사 시행\r\n\r\n검사대상 : 모든 입원환자 및 상주보호자 1명\r\n검사장소\r\n환자 : 타 기관 또는 본원 3층 우리라운지\r\n보호자 : 타 기관(본원 검사 불가)\r\n타 기관 검사시 결과지 또는 결과문자 지참\r\n문자는 이름, 검사날짜, 검사기관, 음성 4가지 표현이 있을 경우만 인정\r\n검사시기 : 입원예정일 1~3일 이전(약 3일전 관련 전화 안내)\r\n입원당일, 입원후에도 환자 상태 및 문진결과에 따라 추가검사 시행될 수 있음\r\n\r\n\r\n코로나 검사 결과 확인\r\n\r\n외래진료 환자는 검사 시행 다음날 오후에 문자 발송(입원환자는 미발송)\r\nMy세브란스 어플\r\n방문하여 영상발급센터에서 의무기록 사본 발급\r\n\r\n\r\n진료제한\r\n\r\n코로나 증상이 있거나 확진자 다수 발생장소 방문 시 출입 및 진료 제한 될 수 있음\r\n자가격리자\r\n격리해제까지 진료 연기\r\n응급상황 시 관할 보건소가 병원으로 문의\r\n\r\n\r\n방문/면회/보호자 교체 제한\r\n\r\n외래진료 및 검사시 보호자 동반 제한하며, 노약자와 어린이 환자, 거동이 불편한 경우에만 1명의 보호자 동행\r\n입원시 상주보호자는 1명으로 제한\r\n상주보호자 교체는 제한되며, 불가피한 교체시 신규 보호자는 입실예정 3일 이내 코로나19 검사 결과 제출 필요\r\n\r\n\r\n중환자실과 병동을 포함한 모든 병원 공간에서 면회 제한\r\n\r\n출입 문진표 작성\r\n모든 내원객은 출입문진표 작성\r\n휴대폰으로 받은 QR코드 문진표 작성하면 입장 가능','2022-02-18 01:08:23',NULL,0,1,NULL),(2,2,'SSAFY병원, NCSI 전체 산업부문 1위 달성','환자 보호자가 ‘당신을 응원합니다’ 프로그램에 접속해 응원 메시지를 보고 있다.\r\n\r\n\r\n\r\n세브란스병원, NCSI 전체 산업부문 1위 달성\r\n존중캠페인과 비대면 의료서비스 고도화 실현해 만족도 향상\r\n환자 중심 의료문화 개척해 호텔 등 제치고 최고 서비스 인정 받아\r\n\r\n\r\n\r\n\r\n\r\n세브란스병원(병원장 하종원)이 한국생산성본부 선정 2021년 국가고객만족도(NCSI) 조사에서 전체 산업분야 1위를 달성했다고 3일 밝혔다. 총점 84점으로 그동안 서비스 만족도가 높은 아파트와 호텔 등을 제치고 병원이 전체 1위를 차지한 것은 처음이다. 코로나19라는 국가재난 속에서 환자안전과 환자만족을 모두 달성하였다는 평가다.\r\n\r\n\r\n\r\n세브란스병원은 지속적으로 환자 편의를 개선하며 환자 중심의 의료서비스를 만들어왔다. 설명간호사를 통해 병원 이용 불편을 해소하고 엘리베이터 안에 환자용 의자를 설치했고 수화통역전문 통역사 등 환자경험을 바탕으로 병원의 다양한 의료서비스 시스템을 혁신했다.\r\n\r\n\r\n\r\n최근 환자존중캠페인을 통해 새로운 환자 중심의 의료문화를 만들어 나가고 있다. 세브란스병원은 환자가 병원에서 치료 받는 전 과정에서 존중과 배려를 느낄 수 있는 환자존중캠페인을 진행했다. \r\n\r\n\r\n\r\n‘커튼 푯말’을 설치해 환자들이 검사나 치료 중 발생할 수 있는 불필요한 신체 노출을 방지하고, 병실생활에서 지켜야 할 기본적인 에티켓을 애니메이션 교육자료로 만들어 제공하고 있다. 입원환자들을 대상으로 공감 문구를 담은 캘리그라피와 일러스트 이미지를 제작해 카카오톡으로 전송하는 ‘공감카드’에는 계절별로 힐링과 응원, 사랑, 용기 등 7가지 테마를 담았다. \r\n\r\n\r\n\r\n회진 게시판은 환자가 의료진에게 궁금한 점을 미리 메모해 회진시간에 자세한 설명을 들을 수 있다. 불필요한 소음과 조명을 최소화하는 수면 프로젝트와 금식 시간을 최소화하는 꿀잠과 공복탈출 프로그램으로 치유 효과와 만족도를 높였다. \r\n\r\n\r\n\r\n\r\n\r\n환자를 위한 ‘당신을 응원합니다’라는 응원메세지 프로그램도 도입했다. 코로나19 확산에 따라 병문안이 제한되면서 만나지 못하는 가족과 친구 등을 위해 응원메세지를 보낼 수 있다. QR코드를 사용해 메시지를 입력하면 병원에 설치된 전광판에서 메시지를 확인할 수 있다.\r\n\r\n\r\n\r\n세브란스병원은 코로나19 확산에 따라 환자들의 안전을 위해 비대면 의료서비스를 고도화하는 한편 업무 효율을 향상시켰다.\r\n\r\n\r\n\r\n자가신체계측 키오스크를 병원 전 진료과에 도입해 편의성을 높이고 의무기록의 효율적으로 관리할 수 있게 됐다. 모바일 앱 진료문진조사 내용도 진료과를 확대해 환자들이 진료를 대기하는 시간도 단축시켰다. \r\n\r\n\r\n\r\n환자용 모바일 앱 ‘MY 세브란스’ 은 실손보험 청구 서비스를 39개 보험사로 확대하고, 환자식 메뉴 확인과 영양상담 일정과 관리 기능도 추가했다. 외래 약처방 내역증명서 등 증명서 확인도 가능하다. \r\n\r\n\r\n\r\n이와 함께 세브란스병원은 다양한 환자 경험을 공유하며 환자나 보호자들의 병원 이용만족도를 높이고 있다. 자체 만족도 조사를 진행해 환자들의 목소리를 불편사항을 개선하고 있다. 만족도 조사 결과는 각 진료과별로 공유가 돼 서비스 개선을 위한 참고자료로 활용된다.\r\n\r\n\r\n\r\n하종원 세브란스병원장은 “세브란스병원은 환자가 병원을 통해 경험할 수 있는 모든 것을 항상 점검하고 개선하려고 노력하고 있다”면서 “환자가 중심이 되는 병원의 새로운 패러다임을 제시할 수 있도록 앞으로도 혁신을 계속해 나갈 것”이라고 말했다.\r\n\r\n','2022-02-18 01:09:32','2022-02-18 01:19:16',0,0,'2022-02-18 10:09:32NCSI공지.jpg'),(3,2,'[공지] 식약처 로사르탄 성분 의약품 일부 자진회수에 따른 안내',' ','2022-02-18 01:09:52',NULL,0,1,'2022-02-18 10:09:52식약처 로사르탄 성분.png'),(4,2,'2021년 KT-세브란스 청각재활센터 KT꿈품교실 청소년독서교실 강사 모집 안내','2021년 KT-세브란스 청각재활센터 KT꿈품교실 미술교실 강사 모집 안내\r\n연세의료원과 (주)KT가 함께하는 \'KT꿈품교실\'은 사회복지공동모금회로부터 KT의 성금을 배분받아 운영하는 청각장애아동들의 재활을 위한 공간입니다. 2012년 9월 개소한 KT꿈품교실은 아이들이 자존감을 높이고, 보다 건강한 사회구성원으로 성장할 수 있도록 돕고 있습니다.\r\n‘청소년 필독도서를 이용한 청소년독서교실’을 운영할 강사님을 모집하고자 하오니, 많은 관심 바랍니다.\r\n접수기간\r\n2021. 12. 6.(월) - 12. 13.(월) 24시까지\r\n모집대상\r\nKT꿈품교실 청소년독서강사\r\n신청자격\r\n대학(교) 관련 학과 졸업자\r\n관련 자격증 소지자 우대\r\n독서수업 진행 경력자 우대\r\n수업기간\r\n2022. 01. 04.(화) - 2022. 02. 11.(금).\r\n수업시간\r\n화 18:00~18:50, 금 18:00~18:50 (주 2회)\r\n* 일시 및 시간 협의 가능\r\n수업형태\r\nZOOM을 이용한 비대면 수업\r\n보수\r\n사회복지공동모금회 사업운영자료에 근거한 강사료 지급표에 따름\r\n제출서류\r\n이력서 1부(사진 부착, 자격 사항 기재)\r\n자기소개서 1부 (입사 지원 동기 포함)\r\n자격증 사본 (해당자에 한함, 면접 시 제출)\r\n면접전형은 서류합격자에 한하여 실시하며, 상기 일정은 부서 내부 사정에 의하여 변경될 수 있음.\r\n접수 및 문의\r\n세브란스병원 사회사업팀 문영주 / WFCAMYJ@yuhs.ac','2022-02-18 01:10:08',NULL,0,0,NULL),(5,2,'2021년 세브란스 지방간질환 연수강좌','2021년 세브란스 지방간질환 연수강좌\r\n일시 : 2021년 8월 28일(토) 13:30 ~ 17:30\r\n장소 : ONLINE\r\n평점 : 의사협회 3평점, 대한내과학회 평생교육 3평점\r\n주최 : 세브란스 지방간질환 연구회','2022-02-18 01:10:21',NULL,0,0,NULL),(6,2,'진료정보교류 영상정보교류시스템 참여 안내','진료정보교류 영상정보교류시스템 참여 안내\r\n\r\n안녕하세요 기존 진료정보교류 참여 의료기관을 대상으로 영상정보교류 참여 신청 안내를 드립니다.\r\n영상정보교류에 참여하시면 기존에 교류로 전송하던 의뢰서, 회송서, 진료기록요약지 외에 PACS 영상파일(DICOM)도 추가 전송 할 수 있습니다.\r\n**진료정보교류사업 신규 참여 신청은 보건복지부 마이차트( https://mychart.kr )에서 신청 가능합니다. 첨부된 안내문을 참고해 주시기 바랍니다.\r\n\r\n\r\n대상\r\n진료정보교류사업에 참여하고 있으며 영상시스템(PACS)을 갖추고 있는 병.의원\r\n\r\n\r\n신청방법\r\n첨부된 신청서 작성하여 이메일 제출\r\n\r\n\r\n문의처\r\n한국보건의료정보원 상담센터 : 1666-7598\r\n\r\nE-mail: mediex@k-his.or.kr','2022-02-18 01:10:37','2022-02-18 01:10:47',0,0,NULL),(7,2,'2021년 KT-세브란스 청각재활센터 KT꿈품교실 음악교실 강사 모집 안내','2021년 KT-세브란스 청각재활센터 KT꿈품교실 음악교실 강사 모집 안내\r\n\r\n\r\n연세의료원과 (주)KT가 함께하는 \'KT꿈품교실\'은 청각장애아동들의 재활을 위한 공간으로 2012년 9월 개소하여 아이들이 자존감을 높이고, 보다 건강한 사회구성원으로 성장할 수 있도록 돕고 있습니다.\r\n이에 2021년 KT꿈품교실 음악교실 강사 모집을 아래와 같이 실시하오니, 많은 관심 바랍니다.\r\n\r\n\r\n접수기간\r\n2021. 7. 29(목) ~ 8. 6(금) 24시까지\r\n\r\n\r\n모집대상\r\nKT꿈품교실 음악교실 강사\r\n\r\n\r\n신청자격\r\n대학(교) 관련 학과 졸업자\r\n관련 자격증 소지자 우대\r\n음악 수업 진행 경력자 우대\r\n\r\n\r\n수업일정\r\n9월 개강 / 매 학기 월 13:30~15:20 (협의 가능)\r\n\r\n\r\n수업형태\r\n대면 수업(단, 현재 COVID-19로 인한 거리두기 상황에 따라 ZOOM을 이용한 비대면 수업 진행)\r\n보수\r\n사회복지공동모금회 사업운영자료에 근거한 강사료 지급표에 따름\r\n\r\n\r\n제출서류\r\n이력서 1부(사진 부착, 자격 사항 기재)\r\n자기소개서 1부 (입사 지원 동기 포함)\r\n자격증 사본 (해당자에 한함, 면접 시 제출)\r\n면접전형은 서류합격자에 한하여 실시하며, 상기 일정은 부서 내부 사정에 의하여 변경될 수 있음.\r\n\r\n\r\n접수 및 문의\r\n세브란스병원 사회사업팀 / E-mail : WFCAMYJ@yuhs.ac','2022-02-18 01:11:26',NULL,0,0,NULL),(8,2,'2021년도 대학생 및 고등학생 자원봉사 프로그램 취소 안내','2021년도 대학생 및 고등학생 자원봉사 프로그램 취소 안내\r\n\r\n\r\n코로나바이러스감영증-19 확산에 따라 자원봉사자의 안전과 지역사회 감염을 예방하기 위해 2021년도 대학생, 고등학생 자원봉사 프로그램을 부득이 취소하게 되었음을 알려드리오니 많은 양해 부탁드립니다.\r\n자원봉사 활동 재개 시 홈페이지에 공지 할 예정입니다.\r\n\r\n\r\n문의처 : 자원봉사센터 02)2228-7041','2022-02-18 01:11:42',NULL,0,0,NULL),(9,2,'SSAFY병원 진료협력센터 카카오채널 운영 안내','안녕하세요\r\n\r\nSSAFY병원 진료협력센터 카카오채널이 신규오픈하여 8월1일부터 운영중입니다.\r\n\r\n두달에 한번 이메일로 발송되던 뉴스레터와 다양한 진료협력센터 소식을 이제 채널에서 편리하게 확인하실 수 있습니다.\r\n\r\n \r\n\r\n\r\n\r\nwink카카오톡 채널’추가 방법\r\n\r\n- 카카오톡 친구검색(SSAFY병원 진료협력센터)\r\n\r\n- 카카오채널 추가 바로가기 링크 및 QR코드\r\n\r\n','2022-02-18 01:11:58','2022-02-18 01:37:14',0,0,NULL),(10,2,'추석 연휴 병동 면회 제한 안내','\r\n감염병 예방과 환자 안전을 위해 추석 연휴에도 병동 면회를 제한합니다.\r\n\r\n \r\n\r\n이번 명절만큼은 안전한 비대면(영상통화) 면회를 시행해 주십시오.','2022-02-18 01:12:16',NULL,0,0,NULL),(11,2,'코로나19 중증응급진료센터 시행 안내','코로나19 중증응급진료센터 시행 안내\r\n\r\n\r\n세브란스병원 응급진료센터는 보건복지부와 서울특별시가 지정하는 중증응급진료센터로 운영하게 되었습니다.\r\n\r\n코로나19 증상이 있는 중증응급환자에 대한 집중적인 진료 제공을 위해 응급진료센터에 방문한 경증환자는 의료진의 판단에 의해 진료가 제한될 수 있습니다.','2022-02-18 01:12:39',NULL,0,0,NULL),(12,2,'코로나 19의 종식을 위한 협조 안내','코로나 19의 종식을 위한 협조 안내\r\n\r\n\r\n코로나 19의 종식을 위해, 병원 내 감염 및 전파 예방활동에 지속적인 참여 부탁드립니다.\r\n\r\n\r\n환자 및 모든 내원객\r\n\r\n마스크를 필수로 착용하고 체온 측정과 문진표(또는 앱 설문지)를 작성하여 주십시오.\r\n발열 또는 호흡기 증상(기침, 가래, 인후통, 호흡곤란 등)이 있는 경우 의료진 또는 직원에게 반드시 알려주십시오.\r\n의심 증상이 있으면 출입이 제한되거나 안심 진료소 방문이 필요하며, 진료가 지연될 수 있습니다.\r\n\r\n\r\n입원환자\r\n\r\n자가격리 대상자나 14일 이내 타병원 입원력이 있으면 코로나 검사가 필요하며, 다인실 입원이 제한될 수 있습니다.\r\n\r\n\r\n면회금지\r\n\r\n세브란스병원 중환자실을 포함한 모든 병동은 면회를 전면 금지합니다.\r\n중환자실의 환자 상태 설명 및 안내는 유선으로 진행하오니 협조를 부탁드립니다.\r\n일반 병동의 상주 보호자는 1인으로 제한합니다.\r\n적극적인 협조로 코로나 19 극복에 동참하여 주시기 바랍니다.\r\n\r\n\r\n\r\n세브란스병원은 환자의 안전과 빠른 회복을 위해 최선을 다하겠습니다','2022-02-18 01:13:07',NULL,0,0,NULL),(13,2,'외국인실명확인 서비스 순단 발생 안내','외국인실명확인 서비스 순단 발생 안내\r\n\r\n\r\n안녕하세요. NICE평가정보 전중모입니다.\r\n당사에서 제공중인 외국인실명확인 서비스가 법무부 시스템 작업으로 인해 아래와 같이 작업영향이 있을 예정이오니 업무에 참고하여 주시기 바랍니다.\r\n\r\n\r\n\r\n작업시간 : 2020.2.27 (목) 19:00 ~ 21:30 (2시간30분)\r\n작업내용 : 법무부 시스템 작업\r\n작업영향 : 작업시간 중 외국인실명확인 서비스 30초 이내 순단 발생 (2회)\r\n당사 서비스 이용에 불편을 드려 죄송합니다.\r\n앞으로 더 좋은 서비스로 보답하고자 노력하겠습니다.\r\n\r\n\r\n\r\n감사합니다.','2022-02-18 01:13:25',NULL,0,0,NULL),(14,2,'[암(癌)&앎] 올바른 식습관이 위암 막는다','위암은 남성이 여성보다 2.1배 정도 많을 정도로 중년 이후 남성 건강의 가장 큰 적이다. 국내 환자가 많은 만큼 일찍이 치료에 매진해 현재 한국 위암 환자의 5년 생존율은 2019년 통계 기준 68.9%로 미국(33.1%), 영국(20.7%), 일본(60.3%)보다 월등히 높은 세계 최고 수준이다. 높은 위암 발병률을 낮추고자 전 국민을 대상으로 40세 이상부터 격년마다 위내시경검사를 통해 조기 검진에 노력을 기울였고, 지속적으로 치료법을 발전시켜온 국내 의료진의 노력 덕분이다.\r\n\r\n\r\n위암의 조기 검진 활성화 노력에도 일상적인 소화불량이나 위통쯤으로 여기고 간과하다 뒤늦게 병원을 찾는 환자들이 아직도 많다. 특히 검은 변을 보거나, 식사를 못 하고 구토를 반복할 때는 바로 병원을 찾아야 한다. 늦을수록 수술 범위가 커지고 항암치료를 병행해야 하므로 회복도 더디고 체력적으로 큰 부담이 된다.\r\n\r\n\r\n김형일 연세암병원 위암센터 교수(위장관외과)는 위암의 진행을 3단계로 나눌 수 있다고 설명했다. 1단계는 위암 세포가 주변 림프절 전이 없이 위장 내 점막과 점막 하층에만 뿌리내린 경우다. 2단계로 진행하면 림프절 전이가 있거나 림프절 전이는 없더라도 위암 세포의 뿌리가 근육층과 장막 층까지 뚫고 내려간다. 3단계로 가면 위장 주변 다른 장기로 암세포가 원격 전이된다. 김 교수는 “1단계는 조기 위암으로서 대부분 수술적 치료로 완치되며 재발률도 5% 내에 그칠 정도로 치료 성적이 좋다”고 밝혔다.\r\n\r\n\r\n암 병기 2~3기에 해당하는 2단계 위암 발병 수준에서는 수술과 함께 항암약물 치료를 병행해 30~70%에 이르는 암 재발률을 낮추는 데 무게를 둔다. 3단계는 항암약물 치료를 우선하고 필요 시 수술적 치료를 통해 환자 삶의 질을 유지하는 데 치료목적을 둔다. 암성 통증을 조절해 일상생활을 가능케 하고 생존 기간을 보다 연장하려 노력을 기울인다.\r\n\r\n\r\n발전하는 의료기술에 따라 위암 수술 분야에도 새로운 치료법이 속속 도입되고 있다. 불과 10여년 전까지만 해도 위암 수술은 큰 범위의 개복수술을 의미했다. 최근의 수술은 복강경이나 로봇수술기를 이용한 위암 수술이 보편화하는 추세다. 배에 수술기구가 들어가는 작은 구멍의 흉터만 남기고 수술할 수 있어 환자들이 빠르게 일상생활로 복귀할 수 있다. 김 교수는 “위암 복강경 수술 환자는 평균 5일 전후 입원하며, 짧아진 입원기간 만큼 수술과 회복과정에서 발생하는 합병증 발병률도 크게 낮아지고 있다”고 설명했다.\r\n\r\n\r\n아울러 위암 중에서 많은 비율을 차지하는 2~3기 환자의 암 재발률을 낮추기 위해 도입한 형광 유도 수술법이 큰 진전을 보이고 있다. 위암 주변에 특수 형광물질을 주사하고 근적외선 카메라로 살펴보면 정상 조직과 암 조직을 확연히 구별할 수 있다. 김 교수는 “집도의가 수술 부위를 크게 확대하고 정밀한 수술을 가능케 하는 로봇수술기와 병행하면 암세포가 전이될 수 있는 림프절을 최대한 제거할 수 있어 재발률을 크게 낮출 수 있다는 연구결과가 많이 나오고 있다”고 소개했다. 말기 환자라도 최근 발전된 항암약물 치료로 암 크기를 축소해 이후 수술적 치료로 암을 절제하는 ‘전환 수술’ 덕분에 일부 환자의 경우 완치도 기대할 수 있을 만큼 큰 성과를 보고 있다고 한다. 더불어 다양한 항암 표적 치료제 개발로 말기 위암 환자들을 대상으로 한 임상 연구가 활발하다. 조만간 난치성 위암 극복의 청신호를 보일 것으로 기대된다.\r\n\r\n\r\n위암을 예방하려면 건강한 식습관이 중요하다. 짜고 매운 음식과 훈제 또는 저장 음식 등을 높은 빈도로 많이 섭취하면 발암물질로 알려진 ‘나이트로소아민(Nitrosoamine)’에 노출돼 위암 발병 위험이 커진다. 과음과 흡연 및 헬리코박터균 감염 또한 발병 위험을 높이므로 정기 검진을 통해 이를 교정하고 치료하는 것이 위암 예방의 첫걸음이다.','2022-02-18 01:14:39',NULL,0,0,'2022-02-18 10:14:3910올바른 식습관이 위암.jpg'),(15,3,'신촌_코로나 관련 진료 안내','안심진료소(성인 및 소아)\r\n\r\n운영시간\r\n평일 : 08:30-11:30, 13:00-15:30\r\n토요일 : 08:30-11:30\r\n공휴일 휴진\r\n장소 : 본관 3층 출입구 앞(건물 외부)\r\n\r\n\r\n입원 전 코로나 검사 시행\r\n\r\n검사대상 : 모든 입원환자 및 상주보호자 1명\r\n검사장소\r\n환자 : 타 기관 또는 본원 3층 우리라운지\r\n보호자 : 타 기관(본원 검사 불가)\r\n타 기관 검사시 결과지 또는 결과문자 지참\r\n문자는 이름, 검사날짜, 검사기관, 음성 4가지 표현이 있을 경우만 인정\r\n검사시기 : 입원예정일 1~3일 이전(약 3일전 관련 전화 안내)\r\n입원당일, 입원후에도 환자 상태 및 문진결과에 따라 추가검사 시행될 수 있음\r\n\r\n\r\n코로나 검사 결과 확인\r\n\r\n외래진료 환자는 검사 시행 다음날 오후에 문자 발송(입원환자는 미발송)\r\nMy세브란스 어플\r\n방문하여 영상발급센터에서 의무기록 사본 발급\r\n\r\n\r\n진료제한\r\n\r\n코로나 증상이 있거나 확진자 다수 발생장소 방문 시 출입 및 진료 제한 될 수 있음\r\n자가격리자\r\n격리해제까지 진료 연기\r\n응급상황 시 관할 보건소가 병원으로 문의\r\n\r\n\r\n방문/면회/보호자 교체 제한\r\n\r\n외래진료 및 검사시 보호자 동반 제한하며, 노약자와 어린이 환자, 거동이 불편한 경우에만 1명의 보호자 동행\r\n입원시 상주보호자는 1명으로 제한\r\n상주보호자 교체는 제한되며, 불가피한 교체시 신규 보호자는 입실예정 3일 이내 코로나19 검사 결과 제출 필요\r\n\r\n\r\n중환자실과 병동을 포함한 모든 병원 공간에서 면회 제한\r\n\r\n출입 문진표 작성\r\n모든 내원객은 출입문진표 작성\r\n휴대폰으로 받은 QR코드 문진표 작성하면 입장 가능','2022-02-18 01:15:44',NULL,0,1,NULL),(16,3,'[공지] 식약처 로사르탄 성분 의약품 일부 자진회수에 따른 안내',' ','2022-02-18 01:16:00',NULL,0,1,'2022-02-18 10:16:00식약처 로사르탄 성분.png'),(17,3,'2021년 세브란스 지방간질환 연수강좌','2021년 세브란스 지방간질환 연수강좌\r\n일시 : 2021년 8월 28일(토) 13:30 ~ 17:30\r\n장소 : ONLINE\r\n평점 : 의사협회 3평점, 대한내과학회 평생교육 3평점\r\n주최 : 세브란스 지방간질환 연구회','2022-02-18 01:16:14',NULL,0,0,NULL),(18,3,'2021년 KT-세브란스 청각재활센터 KT꿈품교실 청소년독서교실 강사 모집 안내','2021년 KT-세브란스 청각재활센터 KT꿈품교실 미술교실 강사 모집 안내\r\n연세의료원과 (주)KT가 함께하는 \'KT꿈품교실\'은 사회복지공동모금회로부터 KT의 성금을 배분받아 운영하는 청각장애아동들의 재활을 위한 공간입니다. 2012년 9월 개소한 KT꿈품교실은 아이들이 자존감을 높이고, 보다 건강한 사회구성원으로 성장할 수 있도록 돕고 있습니다.\r\n\r\n‘청소년 필독도서를 이용한 청소년독서교실’을 운영할 강사님을 모집하고자 하오니, 많은 관심 바랍니다.\r\n\r\n접수기간\r\n2021. 12. 6.(월) - 12. 13.(월) 24시까지\r\n모집대상\r\nKT꿈품교실 청소년독서강사\r\n신청자격\r\n대학(교) 관련 학과 졸업자\r\n관련 자격증 소지자 우대\r\n독서수업 진행 경력자 우대\r\n수업기간\r\n2022. 01. 04.(화) - 2022. 02. 11.(금).\r\n수업시간\r\n화 18:00~18:50, 금 18:00~18:50 (주 2회)\r\n* 일시 및 시간 협의 가능\r\n수업형태\r\nZOOM을 이용한 비대면 수업\r\n보수\r\n사회복지공동모금회 사업운영자료에 근거한 강사료 지급표에 따름\r\n제출서류\r\n이력서 1부(사진 부착, 자격 사항 기재)\r\n자기소개서 1부 (입사 지원 동기 포함)\r\n자격증 사본 (해당자에 한함, 면접 시 제출)\r\n면접전형은 서류합격자에 한하여 실시하며, 상기 일정은 부서 내부 사정에 의하여 변경될 수 있음.\r\n접수 및 문의\r\n세브란스병원 사회사업팀 문영주 / WFCAMYJ@yuhs.ac','2022-02-18 01:16:55',NULL,0,0,NULL),(19,3,'진료정보교류 영상정보교류시스템 참여 안내','진료정보교류 영상정보교류시스템 참여 안내\r\n\r\n안녕하세요 기존 진료정보교류 참여 의료기관을 대상으로 영상정보교류 참여 신청 안내를 드립니다.\r\n영상정보교류에 참여하시면 기존에 교류로 전송하던 의뢰서, 회송서, 진료기록요약지 외에 PACS 영상파일(DICOM)도 추가 전송 할 수 있습니다.\r\n**진료정보교류사업 신규 참여 신청은 보건복지부 마이차트( https://mychart.kr )에서 신청 가능합니다. 첨부된 안내문을 참고해 주시기 바랍니다.\r\n\r\n\r\n대상\r\n진료정보교류사업에 참여하고 있으며 영상시스템(PACS)을 갖추고 있는 병.의원\r\n\r\n\r\n신청방법\r\n첨부된 신청서 작성하여 이메일 제출\r\n\r\n\r\n문의처\r\n한국보건의료정보원 상담센터 : 1666-7598\r\n\r\nE-mail: mediex@k-his.or.kr','2022-02-18 01:17:12',NULL,0,0,NULL),(20,3,'2021년 KT-세브란스 청각재활센터 KT꿈품교실 음악교실 강사 모집 안내','2021년 KT-세브란스 청각재활센터 KT꿈품교실 음악교실 강사 모집 안내\r\n\r\n\r\n연세의료원과 (주)KT가 함께하는 \'KT꿈품교실\'은 청각장애아동들의 재활을 위한 공간으로 2012년 9월 개소하여 아이들이 자존감을 높이고, 보다 건강한 사회구성원으로 성장할 수 있도록 돕고 있습니다.\r\n이에 2021년 KT꿈품교실 음악교실 강사 모집을 아래와 같이 실시하오니, 많은 관심 바랍니다.\r\n\r\n\r\n접수기간\r\n2021. 7. 29(목) ~ 8. 6(금) 24시까지\r\n\r\n\r\n모집대상\r\nKT꿈품교실 음악교실 강사\r\n\r\n\r\n신청자격\r\n대학(교) 관련 학과 졸업자\r\n관련 자격증 소지자 우대\r\n음악 수업 진행 경력자 우대\r\n\r\n\r\n수업일정\r\n9월 개강 / 매 학기 월 13:30~15:20 (협의 가능)\r\n\r\n\r\n수업형태\r\n대면 수업(단, 현재 COVID-19로 인한 거리두기 상황에 따라 ZOOM을 이용한 비대면 수업 진행)\r\n보수\r\n사회복지공동모금회 사업운영자료에 근거한 강사료 지급표에 따름\r\n\r\n\r\n제출서류\r\n이력서 1부(사진 부착, 자격 사항 기재)\r\n자기소개서 1부 (입사 지원 동기 포함)\r\n자격증 사본 (해당자에 한함, 면접 시 제출)\r\n면접전형은 서류합격자에 한하여 실시하며, 상기 일정은 부서 내부 사정에 의하여 변경될 수 있음.\r\n\r\n\r\n접수 및 문의\r\n세브란스병원 사회사업팀 / E-mail : WFCAMYJ@yuhs.ac','2022-02-18 01:17:24',NULL,0,0,NULL),(21,3,'2021년도 대학생 및 고등학생 자원봉사 프로그램 취소 안내','2021년도 대학생 및 고등학생 자원봉사 프로그램 취소 안내\r\n\r\n\r\n코로나바이러스감영증-19 확산에 따라 자원봉사자의 안전과 지역사회 감염을 예방하기 위해 2021년도 대학생, 고등학생 자원봉사 프로그램을 부득이 취소하게 되었음을 알려드리오니 많은 양해 부탁드립니다.\r\n자원봉사 활동 재개 시 홈페이지에 공지 할 예정입니다.\r\n\r\n\r\n문의처 : 자원봉사센터 02)2228-7041','2022-02-18 01:17:41',NULL,0,0,NULL),(22,3,'세브란스병원 진료협력센터 카카오채널 운영 안내','안녕하세요\r\n\r\n세브란스병원 진료협력센터 카카오채널이 신규오픈하여 8월1일부터 운영중입니다.\r\n\r\n두달에 한번 이메일로 발송되던 뉴스레터와 다양한 진료협력센터 소식을 이제 채널에서 편리하게 확인하실 수 있습니다.\r\n\r\n \r\n\r\n\r\n\r\nwink카카오톡 채널’추가 방법\r\n\r\n- 카카오톡 친구검색(세브란스병원 진료협력센터)\r\n\r\n- 카카오채널 추가 바로가기 링크 및 QR코드\r\n\r\n','2022-02-18 01:17:53',NULL,0,0,NULL),(23,3,'추석 연휴 병동 면회 제한 안내','\r\n감염병 예방과 환자 안전을 위해 추석 연휴에도 병동 면회를 제한합니다.\r\n\r\n \r\n\r\n이번 명절만큼은 안전한 비대면(영상통화) 면회를 시행해 주십시오.','2022-02-18 01:18:02',NULL,0,0,NULL),(24,3,'코로나19 중증응급진료센터 시행 안내','코로나19 중증응급진료센터 시행 안내\r\n\r\n\r\n세브란스병원 응급진료센터는 보건복지부와 서울특별시가 지정하는 중증응급진료센터로 운영하게 되었습니다.\r\n\r\n코로나19 증상이 있는 중증응급환자에 대한 집중적인 진료 제공을 위해 응급진료센터에 방문한 경증환자는 의료진의 판단에 의해 진료가 제한될 수 있습니다.','2022-02-18 01:18:10',NULL,0,0,NULL),(25,3,'코로나 19의 종식을 위한 협조 안내','코로나 19의 종식을 위한 협조 안내\r\n\r\n\r\n코로나 19의 종식을 위해, 병원 내 감염 및 전파 예방활동에 지속적인 참여 부탁드립니다.\r\n\r\n\r\n환자 및 모든 내원객\r\n\r\n마스크를 필수로 착용하고 체온 측정과 문진표(또는 앱 설문지)를 작성하여 주십시오.\r\n발열 또는 호흡기 증상(기침, 가래, 인후통, 호흡곤란 등)이 있는 경우 의료진 또는 직원에게 반드시 알려주십시오.\r\n의심 증상이 있으면 출입이 제한되거나 안심 진료소 방문이 필요하며, 진료가 지연될 수 있습니다.\r\n\r\n\r\n입원환자\r\n\r\n자가격리 대상자나 14일 이내 타병원 입원력이 있으면 코로나 검사가 필요하며, 다인실 입원이 제한될 수 있습니다.\r\n\r\n\r\n면회금지\r\n\r\n세브란스병원 중환자실을 포함한 모든 병동은 면회를 전면 금지합니다.\r\n중환자실의 환자 상태 설명 및 안내는 유선으로 진행하오니 협조를 부탁드립니다.\r\n일반 병동의 상주 보호자는 1인으로 제한합니다.\r\n적극적인 협조로 코로나 19 극복에 동참하여 주시기 바랍니다.\r\n\r\n\r\n\r\n세브란스병원은 환자의 안전과 빠른 회복을 위해 최선을 다하겠습니다','2022-02-18 01:18:20',NULL,0,0,NULL),(26,3,'외국인실명확인 서비스 순단 발생 안내','외국인실명확인 서비스 순단 발생 안내\r\n\r\n\r\n안녕하세요. NICE평가정보 전중모입니다.\r\n당사에서 제공중인 외국인실명확인 서비스가 법무부 시스템 작업으로 인해 아래와 같이 작업영향이 있을 예정이오니 업무에 참고하여 주시기 바랍니다.\r\n\r\n\r\n\r\n작업시간 : 2020.2.27 (목) 19:00 ~ 21:30 (2시간30분)\r\n작업내용 : 법무부 시스템 작업\r\n작업영향 : 작업시간 중 외국인실명확인 서비스 30초 이내 순단 발생 (2회)\r\n당사 서비스 이용에 불편을 드려 죄송합니다.\r\n앞으로 더 좋은 서비스로 보답하고자 노력하겠습니다.\r\n\r\n\r\n\r\n감사합니다.','2022-02-18 01:18:31',NULL,0,0,NULL),(27,3,'[암(癌)&앎] 올바른 식습관이 위암 막는다','위암은 남성이 여성보다 2.1배 정도 많을 정도로 중년 이후 남성 건강의 가장 큰 적이다. 국내 환자가 많은 만큼 일찍이 치료에 매진해 현재 한국 위암 환자의 5년 생존율은 2019년 통계 기준 68.9%로 미국(33.1%), 영국(20.7%), 일본(60.3%)보다 월등히 높은 세계 최고 수준이다. 높은 위암 발병률을 낮추고자 전 국민을 대상으로 40세 이상부터 격년마다 위내시경검사를 통해 조기 검진에 노력을 기울였고, 지속적으로 치료법을 발전시켜온 국내 의료진의 노력 덕분이다.\r\n\r\n\r\n위암의 조기 검진 활성화 노력에도 일상적인 소화불량이나 위통쯤으로 여기고 간과하다 뒤늦게 병원을 찾는 환자들이 아직도 많다. 특히 검은 변을 보거나, 식사를 못 하고 구토를 반복할 때는 바로 병원을 찾아야 한다. 늦을수록 수술 범위가 커지고 항암치료를 병행해야 하므로 회복도 더디고 체력적으로 큰 부담이 된다.\r\n\r\n\r\n김형일 연세암병원 위암센터 교수(위장관외과)는 위암의 진행을 3단계로 나눌 수 있다고 설명했다. 1단계는 위암 세포가 주변 림프절 전이 없이 위장 내 점막과 점막 하층에만 뿌리내린 경우다. 2단계로 진행하면 림프절 전이가 있거나 림프절 전이는 없더라도 위암 세포의 뿌리가 근육층과 장막 층까지 뚫고 내려간다. 3단계로 가면 위장 주변 다른 장기로 암세포가 원격 전이된다. 김 교수는 “1단계는 조기 위암으로서 대부분 수술적 치료로 완치되며 재발률도 5% 내에 그칠 정도로 치료 성적이 좋다”고 밝혔다.\r\n\r\n\r\n암 병기 2~3기에 해당하는 2단계 위암 발병 수준에서는 수술과 함께 항암약물 치료를 병행해 30~70%에 이르는 암 재발률을 낮추는 데 무게를 둔다. 3단계는 항암약물 치료를 우선하고 필요 시 수술적 치료를 통해 환자 삶의 질을 유지하는 데 치료목적을 둔다. 암성 통증을 조절해 일상생활을 가능케 하고 생존 기간을 보다 연장하려 노력을 기울인다.\r\n\r\n\r\n발전하는 의료기술에 따라 위암 수술 분야에도 새로운 치료법이 속속 도입되고 있다. 불과 10여년 전까지만 해도 위암 수술은 큰 범위의 개복수술을 의미했다. 최근의 수술은 복강경이나 로봇수술기를 이용한 위암 수술이 보편화하는 추세다. 배에 수술기구가 들어가는 작은 구멍의 흉터만 남기고 수술할 수 있어 환자들이 빠르게 일상생활로 복귀할 수 있다. 김 교수는 “위암 복강경 수술 환자는 평균 5일 전후 입원하며, 짧아진 입원기간 만큼 수술과 회복과정에서 발생하는 합병증 발병률도 크게 낮아지고 있다”고 설명했다.\r\n\r\n\r\n아울러 위암 중에서 많은 비율을 차지하는 2~3기 환자의 암 재발률을 낮추기 위해 도입한 형광 유도 수술법이 큰 진전을 보이고 있다. 위암 주변에 특수 형광물질을 주사하고 근적외선 카메라로 살펴보면 정상 조직과 암 조직을 확연히 구별할 수 있다. 김 교수는 “집도의가 수술 부위를 크게 확대하고 정밀한 수술을 가능케 하는 로봇수술기와 병행하면 암세포가 전이될 수 있는 림프절을 최대한 제거할 수 있어 재발률을 크게 낮출 수 있다는 연구결과가 많이 나오고 있다”고 소개했다. 말기 환자라도 최근 발전된 항암약물 치료로 암 크기를 축소해 이후 수술적 치료로 암을 절제하는 ‘전환 수술’ 덕분에 일부 환자의 경우 완치도 기대할 수 있을 만큼 큰 성과를 보고 있다고 한다. 더불어 다양한 항암 표적 치료제 개발로 말기 위암 환자들을 대상으로 한 임상 연구가 활발하다. 조만간 난치성 위암 극복의 청신호를 보일 것으로 기대된다.\r\n\r\n\r\n위암을 예방하려면 건강한 식습관이 중요하다. 짜고 매운 음식과 훈제 또는 저장 음식 등을 높은 빈도로 많이 섭취하면 발암물질로 알려진 ‘나이트로소아민(Nitrosoamine)’에 노출돼 위암 발병 위험이 커진다. 과음과 흡연 및 헬리코박터균 감염 또한 발병 위험을 높이므로 정기 검진을 통해 이를 교정하고 치료하는 것이 위암 예방의 첫걸음이다.','2022-02-18 01:18:46',NULL,0,0,'2022-02-18 10:18:4610올바른 식습관이 위암.jpg'),(28,3,'SSAFY병원, NCSI 전체 산업부문 1위 달성','환자 보호자가 ‘당신을 응원합니다’ 프로그램에 접속해 응원 메시지를 보고 있다.\r\n\r\n\r\n\r\n세브란스병원, NCSI 전체 산업부문 1위 달성\r\n존중캠페인과 비대면 의료서비스 고도화 실현해 만족도 향상\r\n환자 중심 의료문화 개척해 호텔 등 제치고 최고 서비스 인정 받아\r\n\r\n\r\n\r\n\r\n\r\n세브란스병원(병원장 하종원)이 한국생산성본부 선정 2021년 국가고객만족도(NCSI) 조사에서 전체 산업분야 1위를 달성했다고 3일 밝혔다. 총점 84점으로 그동안 서비스 만족도가 높은 아파트와 호텔 등을 제치고 병원이 전체 1위를 차지한 것은 처음이다. 코로나19라는 국가재난 속에서 환자안전과 환자만족을 모두 달성하였다는 평가다.\r\n\r\n\r\n\r\n세브란스병원은 지속적으로 환자 편의를 개선하며 환자 중심의 의료서비스를 만들어왔다. 설명간호사를 통해 병원 이용 불편을 해소하고 엘리베이터 안에 환자용 의자를 설치했고 수화통역전문 통역사 등 환자경험을 바탕으로 병원의 다양한 의료서비스 시스템을 혁신했다.\r\n\r\n\r\n\r\n최근 환자존중캠페인을 통해 새로운 환자 중심의 의료문화를 만들어 나가고 있다. 세브란스병원은 환자가 병원에서 치료 받는 전 과정에서 존중과 배려를 느낄 수 있는 환자존중캠페인을 진행했다. \r\n\r\n\r\n\r\n‘커튼 푯말’을 설치해 환자들이 검사나 치료 중 발생할 수 있는 불필요한 신체 노출을 방지하고, 병실생활에서 지켜야 할 기본적인 에티켓을 애니메이션 교육자료로 만들어 제공하고 있다. 입원환자들을 대상으로 공감 문구를 담은 캘리그라피와 일러스트 이미지를 제작해 카카오톡으로 전송하는 ‘공감카드’에는 계절별로 힐링과 응원, 사랑, 용기 등 7가지 테마를 담았다. \r\n\r\n\r\n\r\n회진 게시판은 환자가 의료진에게 궁금한 점을 미리 메모해 회진시간에 자세한 설명을 들을 수 있다. 불필요한 소음과 조명을 최소화하는 수면 프로젝트와 금식 시간을 최소화하는 꿀잠과 공복탈출 프로그램으로 치유 효과와 만족도를 높였다. \r\n\r\n\r\n\r\n\r\n\r\n환자를 위한 ‘당신을 응원합니다’라는 응원메세지 프로그램도 도입했다. 코로나19 확산에 따라 병문안이 제한되면서 만나지 못하는 가족과 친구 등을 위해 응원메세지를 보낼 수 있다. QR코드를 사용해 메시지를 입력하면 병원에 설치된 전광판에서 메시지를 확인할 수 있다.\r\n\r\n\r\n\r\n세브란스병원은 코로나19 확산에 따라 환자들의 안전을 위해 비대면 의료서비스를 고도화하는 한편 업무 효율을 향상시켰다.\r\n\r\n\r\n\r\n자가신체계측 키오스크를 병원 전 진료과에 도입해 편의성을 높이고 의무기록의 효율적으로 관리할 수 있게 됐다. 모바일 앱 진료문진조사 내용도 진료과를 확대해 환자들이 진료를 대기하는 시간도 단축시켰다. \r\n\r\n\r\n\r\n환자용 모바일 앱 ‘MY 세브란스’ 은 실손보험 청구 서비스를 39개 보험사로 확대하고, 환자식 메뉴 확인과 영양상담 일정과 관리 기능도 추가했다. 외래 약처방 내역증명서 등 증명서 확인도 가능하다. \r\n\r\n\r\n\r\n이와 함께 세브란스병원은 다양한 환자 경험을 공유하며 환자나 보호자들의 병원 이용만족도를 높이고 있다. 자체 만족도 조사를 진행해 환자들의 목소리를 불편사항을 개선하고 있다. 만족도 조사 결과는 각 진료과별로 공유가 돼 서비스 개선을 위한 참고자료로 활용된다.\r\n\r\n\r\n\r\n하종원 세브란스병원장은 “세브란스병원은 환자가 병원을 통해 경험할 수 있는 모든 것을 항상 점검하고 개선하려고 노력하고 있다”면서 “환자가 중심이 되는 병원의 새로운 패러다임을 제시할 수 있도록 앞으로도 혁신을 계속해 나갈 것”이라고 말했다.\r\n\r\n','2022-02-18 01:19:13',NULL,0,0,'2022-02-18 10:19:13NCSI공지.jpg');
/*!40000 ALTER TABLE `hospital_notice` ENABLE KEYS */;
UNLOCK TABLES;

--
-- Table structure for table `hospital_survey`
--

DROP TABLE IF EXISTS `hospital_survey`;
/*!40101 SET @saved_cs_client     = @@character_set_client */;
/*!50503 SET character_set_client = utf8mb4 */;
CREATE TABLE `hospital_survey` (
  `id` int NOT NULL AUTO_INCREMENT,
  `hospital_id` int NOT NULL,
  `category` tinyint(1) DEFAULT NULL,
  `created_at` timestamp NOT NULL,
  `updated_at` timestamp NULL DEFAULT NULL,
  `start_at` datetime NOT NULL,
  `end_at` datetime DEFAULT NULL,
  `count` int DEFAULT '0',
  `title` text NOT NULL,
  `context` text NOT NULL,
  `output_link` text,
  `reservation_link` text,
  PRIMARY KEY (`id`),
  KEY `hospital_id` (`hospital_id`),
  CONSTRAINT `hospital_survey_ibfk_1` FOREIGN KEY (`hospital_id`) REFERENCES `hospital_info` (`id`) ON DELETE CASCADE
) ENGINE=InnoDB AUTO_INCREMENT=24 DEFAULT CHARSET=utf8mb4 COLLATE=utf8mb4_0900_ai_ci;
/*!40101 SET character_set_client = @saved_cs_client */;

--
-- Dumping data for table `hospital_survey`
--

LOCK TABLES `hospital_survey` WRITE;
/*!40000 ALTER TABLE `hospital_survey` DISABLE KEYS */;
INSERT INTO `hospital_survey` VALUES (2,2,0,'2022-02-18 01:04:03',NULL,'2022-02-15 00:00:00','2022-03-27 00:00:00',0,'심장질환 위험도 유형A','설문 내용을 읽고 선택지를 선택해주세요. \n산출된 점수로 성격 유형에 따른 심장 질환에 걸릴 위험도를 알아볼 수 있습니다.','https://health.severance.healthcare/search/result?keyword=%EC%8B%AC%EC%9E%A5%EC%A7%88%ED%99%98&m_site_cd=sev&menu_cd=health&siteType=hospital&size=10','https://health.severance.healthcare/online/online.do?insttCode=12#none'),(3,3,0,'2022-02-18 01:04:10',NULL,'2022-02-15 00:00:00','2022-03-27 00:00:00',0,'심장질환 위험도 유형A','설문 내용을 읽고 선택지를 선택해주세요. \n산출된 점수로 성격 유형에 따른 심장 질환에 걸릴 위험도를 알아볼 수 있습니다.','https://health.severance.healthcare/search/result?keyword=%EC%8B%AC%EC%9E%A5%EC%A7%88%ED%99%98&m_site_cd=sev&menu_cd=health&siteType=hospital&size=10','https://health.severance.healthcare/online/online.do?insttCode=12#none'),(4,2,0,'2022-02-18 01:04:16',NULL,'2022-02-15 00:00:00','2022-03-27 00:00:00',0,'심장질환 위험도 유형B','설문 내용을 읽고 선택지를 선택해주세요. \n산출된 점수로 성격 유형에 따른 심장 질환에 걸릴 위험도를 알아볼 수 있습니다.','https://health.severance.healthcare/search/result?keyword=%EC%8B%AC%EC%9E%A5%EC%A7%88%ED%99%98&m_site_cd=sev&menu_cd=health&siteType=hospital&size=10','https://health.severance.healthcare/online/online.do?insttCode=12#none'),(5,3,0,'2022-02-18 01:04:20',NULL,'2022-02-15 00:00:00','2022-03-27 00:00:00',0,'심장질환 위험도 유형B','설문 내용을 읽고 선택지를 선택해주세요. \n산출된 점수로 성격 유형에 따른 심장 질환에 걸릴 위험도를 알아볼 수 있습니다.','https://health.severance.healthcare/search/result?keyword=%EC%8B%AC%EC%9E%A5%EC%A7%88%ED%99%98&m_site_cd=sev&menu_cd=health&siteType=hospital&size=10','https://health.severance.healthcare/online/online.do?insttCode=12#none'),(6,2,0,'2022-02-18 01:04:27',NULL,'2022-02-15 00:00:00','2022-03-27 00:00:00',5,'스트레스&긴장정도','현대인들은 생활양식이 복잡해지면서 여러가지 스트레스를 받습니다.\n시험.실직과 해고.직장 내 갈등 . 가정 내 갈등 . 작업의 과정부하 질병 . 이혼 . 교통체증등 이루 헤아릴수 없는 스트레스에 살고 있습니다.\n다음 문항에서 자신에게 맞는 부분을 체크하여 산출된 점수로 스트레스와 긴장 정보를 알 수 있습니다. \n(출처: 세브란스 병원 건강정보)','https://health.severance.healthcare/search/result?keyword=%EC%A0%95%EC%8B%A0&m_site_cd=sev&menu_cd=health&siteType=hospital&size=3&cate_cd=','https://health.severance.healthcare/online/online.do?insttCode=2'),(7,3,0,'2022-02-18 01:04:31',NULL,'2022-02-15 00:00:00','2022-03-27 00:00:00',4,'스트레스&긴장정도','현대인들은 생활양식이 복잡해지면서 여러가지 스트레스를 받습니다.\n시험.실직과 해고.직장 내 갈등 . 가정 내 갈등 . 작업의 과정부하 질병 . 이혼 . 교통체증등 이루 헤아릴수 없는 스트레스에 살고 있습니다.\n다음 문항에서 자신에게 맞는 부분을 체크하여 산출된 점수로 스트레스와 긴장 정보를 알 수 있습니다. \n(출처: 세브란스 병원 건강정보)','https://health.severance.healthcare/search/result?keyword=%EC%A0%95%EC%8B%A0&m_site_cd=sev&menu_cd=health&siteType=hospital&size=3&cate_cd=','https://health.severance.healthcare/online/online.do?insttCode=2'),(8,2,0,'2022-02-18 01:04:35',NULL,'2022-02-15 00:00:00','2022-03-27 00:00:00',0,'신체 불균형 자가진단','자가진단을 통해 신체 불균형을 측정해보세요. \n(출처: 세브란스 병원 건강정보)','https://www.youtube.com/results?search_query=%EC%8B%A0%EC%B2%B4+%EB%B6%88%EA%B7%A0%ED%98%95','https://health.severance.healthcare/checkup/checkup.do?insttCode=09#none'),(9,3,0,'2022-02-18 01:04:39',NULL,'2022-02-15 00:00:00','2022-03-27 00:00:00',3,'신체 불균형 자가진단','자가진단을 통해 신체 불균형을 측정해보세요. \n(출처: 세브란스 병원 건강정보)','https://www.youtube.com/results?search_query=%EC%8B%A0%EC%B2%B4+%EB%B6%88%EA%B7%A0%ED%98%95','https://health.severance.healthcare/checkup/checkup.do?insttCode=09#none'),(10,2,0,'2022-02-18 01:04:44',NULL,'2022-02-15 00:00:00','2022-03-27 00:00:00',0,'스트레스측정','이 테스트는 크게 유전/환경적 요인과 생활습관.건강관리.스트레스 대처능력으로 구분됩니다. \n측정의 목적은 각자 점수가 나쁜 부분을 파악해 건강관리에 반영 예상 수명을 늘려가는데 있습니다. \n따라서 두세달에 한번 정도 정기적으로 체크해 예상 수명을 늘려갑시다. \n(출처: 세브란스 병원 건강정보)','https://health.severance.healthcare/search/result?keyword=%EC%8A%A4%ED%8A%B8%EB%A0%88%EC%8A%A4&m_site_cd=sev&language=ko&siteType=hospital&m_site_cd_default=sev&menu_cd=health&cate_cd=&size=3','https://health.severance.healthcare/online/online.do?insttCode=2'),(11,3,0,'2022-02-18 01:04:49',NULL,'2022-02-15 00:00:00','2022-03-27 00:00:00',6,'스트레스측정','이 테스트는 크게 유전/환경적 요인과 생활습관.건강관리.스트레스 대처능력으로 구분됩니다. \n측정의 목적은 각자 점수가 나쁜 부분을 파악해 건강관리에 반영 예상 수명을 늘려가는데 있습니다. \n따라서 두세달에 한번 정도 정기적으로 체크해 예상 수명을 늘려갑시다. \n(출처: 세브란스 병원 건강정보)','https://health.severance.healthcare/search/result?keyword=%EC%8A%A4%ED%8A%B8%EB%A0%88%EC%8A%A4&m_site_cd=sev&language=ko&siteType=hospital&m_site_cd_default=sev&menu_cd=health&cate_cd=&size=3','https://health.severance.healthcare/online/online.do?insttCode=2'),(12,2,0,'2022-02-18 01:04:53',NULL,'2022-02-15 00:00:00','2022-03-27 00:00:00',9,'우울증 건강 설문','지난 2주간, 얼마나 자주 다음과 같은 문제들로 곤란을 겪으셨습니까?\n지난 2주 동안에 아래와 같은 생각을 한 날을 헤아려서 해당하는 답변에 체크하여 주시기 바랍니다. \n(출처: 창녕군 정신건강복지센터)','http://search.snuh.org/search/search.jsp','https://child.snuh.org/reservation/clinic/KC152/clinicInfo.do'),(13,3,0,'2022-02-18 01:04:57',NULL,'2022-02-15 00:00:00','2022-03-27 00:00:00',10,'우울증 건강 설문','지난 2주간, 얼마나 자주 다음과 같은 문제들로 곤란을 겪으셨습니까?\n지난 2주 동안에 아래와 같은 생각을 한 날을 헤아려서 해당하는 답변에 체크하여 주시기 바랍니다. \n(출처: 창녕군 정신건강복지센터)','http://search.snuh.org/search/search.jsp','https://child.snuh.org/reservation/clinic/KC152/clinicInfo.do'),(14,2,0,'2022-02-18 01:05:02',NULL,'2021-01-01 00:00:00','2021-12-31 00:00:00',0,'2021년 코로나 블루 조사','2021년 한 해 동안 코로나로 인해 우울감을 느낀 적이 있나요?','https://www.youtube.com/results?search_query=%EC%BD%94%EB%A1%9C%EB%82%98+%EB%B8%94%EB%A3%A8','https://www.amc.seoul.kr/asan/reservation/main.do'),(15,3,0,'2022-02-18 01:05:07',NULL,'2021-01-01 00:00:00','2021-12-31 00:00:00',0,'2021년 코로나 블루 조사','2021년 한 해 동안 코로나로 인해 우울감을 느낀 적이 있나요?','https://www.youtube.com/results?search_query=%EC%BD%94%EB%A1%9C%EB%82%98+%EB%B8%94%EB%A3%A8','https://www.amc.seoul.kr/asan/reservation/main.do'),(16,2,0,'2022-02-18 01:05:14',NULL,'2022-04-01 00:00:00','2022-06-30 00:00:00',0,'2022년 2분기 코로나 블루 조사','2022년 4-6월 사이 코로나로 인해 우울감을 느낀 적이 있나요?','https://www.youtube.com/results?search_query=%EC%BD%94%EB%A1%9C%EB%82%98+%EB%B8%94%EB%A3%A8','https://www.amc.seoul.kr/asan/reservation/main.do'),(17,3,0,'2022-02-18 01:05:17',NULL,'2022-04-01 00:00:00','2022-06-30 00:00:00',0,'2022년 2분기 코로나 블루 조사','2022년 4-6월 사이 코로나로 인해 우울감을 느낀 적이 있나요?','https://www.youtube.com/results?search_query=%EC%BD%94%EB%A1%9C%EB%82%98+%EB%B8%94%EB%A3%A8','https://www.amc.seoul.kr/asan/reservation/main.do'),(18,2,1,'2022-02-18 01:14:05',NULL,'2022-02-15 00:00:00','2022-06-30 00:00:00',6,'진료 서비스 만족','고객 여러분의 좀 더 쾌적한 진료 환경 개선을 위하여 다음과 같이 의견을 수령하고자 합니다. \n 고객 여러분들께서 좀 더 나은 진료 서비스를 제공받으실 수 있도록 최선을 다하겠습니다.',NULL,NULL),(19,2,1,'2022-02-18 01:16:01',NULL,'2022-02-15 00:00:00','2022-06-30 00:00:00',0,'병원 직원 서비스 만족도','고객 여러분의 좀 더 쾌적한 진료 환경 개선을 위하여 다음과 같이 의견을 수령하고자 합니다. \n 고객 여러분들께서 좀 더 나은 진료 서비스를 제공받으실 수 있도록 최선을 다하겠습니다.',NULL,NULL),(20,2,1,'2022-02-18 01:16:55',NULL,'2022-02-15 00:00:00','2022-06-30 00:00:00',7,'병원 외부환경 만족도','고객 여러분의 좀 더 쾌적한 진료 환경 개선을 위하여 다음과 같이 의견을 수령하고자 합니다. \n 고객 여러분들께서 좀 더 나은 진료 서비스를 제공받으실 수 있도록 최선을 다하겠습니다.',NULL,NULL),(21,3,1,'2022-02-18 01:17:00',NULL,'2022-02-15 00:00:00','2022-06-30 00:00:00',2,'병원 외부환경 만족도','고객 여러분의 좀 더 쾌적한 진료 환경 개선을 위하여 다음과 같이 의견을 수령하고자 합니다. \n 고객 여러분들께서 좀 더 나은 진료 서비스를 제공받으실 수 있도록 최선을 다하겠습니다.',NULL,NULL),(22,3,1,'2022-02-18 01:17:08',NULL,'2022-02-15 00:00:00','2022-06-30 00:00:00',2,'진료 서비스 만족','고객 여러분의 좀 더 쾌적한 진료 환경 개선을 위하여 다음과 같이 의견을 수령하고자 합니다. \n 고객 여러분들께서 좀 더 나은 진료 서비스를 제공받으실 수 있도록 최선을 다하겠습니다.',NULL,NULL);
/*!40000 ALTER TABLE `hospital_survey` ENABLE KEYS */;
UNLOCK TABLES;

--
-- Table structure for table `option`
--

DROP TABLE IF EXISTS `option`;
/*!40101 SET @saved_cs_client     = @@character_set_client */;
/*!50503 SET character_set_client = utf8mb4 */;
CREATE TABLE `option` (
  `id` int NOT NULL AUTO_INCREMENT,
  `question_id` int NOT NULL,
  `order` int DEFAULT NULL,
  `count` int DEFAULT '0',
  `context` text NOT NULL,
  `weight` int DEFAULT NULL,
  PRIMARY KEY (`id`),
  KEY `question_id` (`question_id`),
  CONSTRAINT `option_ibfk_1` FOREIGN KEY (`question_id`) REFERENCES `question` (`id`) ON DELETE CASCADE
) ENGINE=InnoDB AUTO_INCREMENT=913 DEFAULT CHARSET=utf8mb4 COLLATE=utf8mb4_0900_ai_ci;
/*!40101 SET character_set_client = @saved_cs_client */;

--
-- Dumping data for table `option`
--

LOCK TABLES `option` WRITE;
/*!40000 ALTER TABLE `option` DISABLE KEYS */;
INSERT INTO `option` VALUES (1,1,1,0,'매우 아니다',1),(2,1,2,0,'아니다',3),(3,1,3,0,'보통이다',4),(4,1,4,0,'그렇다',5),(5,1,5,0,'매우 그렇다',7),(6,2,1,0,'매우 아니다',1),(7,2,2,0,'아니다',3),(8,2,3,0,'보통이다',4),(9,2,4,0,'그렇다',5),(10,2,5,0,'매우 그렇다',7),(11,3,1,0,'매우 아니다',1),(12,3,2,0,'아니다',3),(13,3,3,0,'보통이다',4),(14,3,4,0,'그렇다',5),(15,3,5,0,'매우 그렇다',7),(16,4,1,0,'매우 아니다',1),(17,4,2,0,'아니다',3),(18,4,3,0,'보통이다',4),(19,4,4,0,'그렇다',5),(20,4,5,0,'매우 그렇다',7),(21,5,1,0,'매우 아니다',1),(22,5,2,0,'아니다',3),(23,5,3,0,'보통이다',4),(24,5,4,0,'그렇다',5),(25,5,5,0,'매우 그렇다',7),(26,6,1,0,'매우 아니다',1),(27,6,2,0,'아니다',3),(28,6,3,0,'보통이다',4),(29,6,4,0,'그렇다',5),(30,6,5,0,'매우 그렇다',7),(31,7,1,0,'매우 아니다',1),(32,7,2,0,'아니다',3),(33,7,3,0,'보통이다',4),(34,7,4,0,'그렇다',5),(35,7,5,0,'매우 그렇다',7),(36,8,1,0,'매우 아니다',1),(37,8,2,0,'아니다',3),(38,8,3,0,'보통이다',4),(39,8,4,0,'그렇다',5),(40,8,5,0,'매우 그렇다',7),(41,9,1,0,'매우 아니다',1),(42,9,2,0,'아니다',3),(43,9,3,0,'보통이다',4),(44,9,4,0,'그렇다',5),(45,9,5,0,'매우 그렇다',7),(46,10,1,0,'매우 아니다',1),(47,10,2,0,'아니다',3),(48,10,3,0,'보통이다',4),(49,10,4,0,'그렇다',5),(50,10,5,0,'매우 그렇다',7),(51,11,1,0,'매우 아니다',1),(52,11,2,0,'아니다',3),(53,11,3,0,'보통이다',4),(54,11,4,0,'그렇다',5),(55,11,5,0,'매우 그렇다',7),(56,12,1,0,'매우 아니다',1),(57,12,2,0,'아니다',3),(58,12,3,0,'보통이다',4),(59,12,4,0,'그렇다',5),(60,12,5,0,'매우 그렇다',7),(61,13,1,0,'매우 아니다',1),(62,13,2,0,'아니다',3),(63,13,3,0,'보통이다',4),(64,13,4,0,'그렇다',5),(65,13,5,0,'매우 그렇다',7),(66,14,1,0,'매우 아니다',1),(67,14,2,0,'아니다',3),(68,14,3,0,'보통이다',4),(69,14,4,0,'그렇다',5),(70,14,5,0,'매우 그렇다',7),(71,15,1,0,'매우 아니다',1),(72,15,2,0,'아니다',3),(73,15,3,0,'보통이다',4),(74,15,4,0,'그렇다',5),(75,15,5,0,'매우 그렇다',7),(76,16,1,0,'매우 아니다',1),(77,16,2,0,'아니다',3),(78,16,3,0,'보통이다',4),(79,16,4,0,'그렇다',5),(80,16,5,0,'매우 그렇다',7),(81,17,1,0,'매우 아니다',1),(82,17,2,0,'아니다',3),(83,17,3,0,'보통이다',4),(84,17,4,0,'그렇다',5),(85,17,5,0,'매우 그렇다',7),(86,18,1,0,'매우 아니다',1),(87,18,2,0,'아니다',3),(88,18,3,0,'보통이다',4),(89,18,4,0,'그렇다',5),(90,18,5,0,'매우 그렇다',7),(91,19,1,0,'매우 아니다',1),(92,19,2,0,'아니다',3),(93,19,3,0,'보통이다',4),(94,19,4,0,'그렇다',5),(95,19,5,0,'매우 그렇다',7),(96,20,1,0,'매우 아니다',1),(97,20,2,0,'아니다',3),(98,20,3,0,'보통이다',4),(99,20,4,0,'그렇다',5),(100,20,5,0,'매우 그렇다',7),(101,21,1,0,'매우 아니다',1),(102,21,2,0,'아니다',3),(103,21,3,0,'보통이다',4),(104,21,4,0,'그렇다',5),(105,21,5,0,'매우 그렇다',7),(106,22,1,0,'매우 아니다',1),(107,22,2,0,'아니다',3),(108,22,3,0,'보통이다',4),(109,22,4,0,'그렇다',5),(110,22,5,0,'매우 그렇다',7),(111,23,1,0,'매우 아니다',1),(112,23,2,0,'아니다',3),(113,23,3,0,'보통이다',4),(114,23,4,0,'그렇다',5),(115,23,5,0,'매우 그렇다',7),(116,24,1,0,'매우 아니다',1),(117,24,2,0,'아니다',3),(118,24,3,0,'보통이다',4),(119,24,4,0,'그렇다',5),(120,24,5,0,'매우 그렇다',7),(121,25,1,0,'매우 아니다',1),(122,25,2,0,'아니다',3),(123,25,3,0,'보통이다',4),(124,25,4,0,'그렇다',5),(125,25,5,0,'매우 그렇다',7),(126,26,1,0,'매우 아니다',1),(127,26,2,0,'아니다',3),(128,26,3,0,'보통이다',4),(129,26,4,0,'그렇다',5),(130,26,5,0,'매우 그렇다',7),(131,27,1,0,'매우 아니다',1),(132,27,2,0,'아니다',3),(133,27,3,0,'보통이다',4),(134,27,4,0,'그렇다',5),(135,27,5,0,'매우 그렇다',7),(136,28,1,0,'매우 아니다',1),(137,28,2,0,'아니다',3),(138,28,3,0,'보통이다',4),(139,28,4,0,'그렇다',5),(140,28,5,0,'매우 그렇다',7),(141,29,1,0,'매우 아니다',1),(142,29,2,0,'아니다',3),(143,29,3,0,'보통이다',4),(144,29,4,0,'그렇다',5),(145,29,5,0,'매우 그렇다',7),(146,30,1,0,'매우 아니다',1),(147,30,2,0,'아니다',3),(148,30,3,0,'보통이다',4),(149,30,4,0,'그렇다',5),(150,30,5,0,'매우 그렇다',7),(151,31,1,0,'매우 아니다',1),(152,31,2,0,'아니다',3),(153,31,3,0,'보통이다',4),(154,31,4,0,'그렇다',5),(155,31,5,0,'매우 그렇다',7),(156,32,1,0,'매우 아니다',1),(157,32,2,0,'아니다',3),(158,32,3,0,'보통이다',4),(159,32,4,0,'그렇다',5),(160,32,5,0,'매우 그렇다',7),(161,33,1,0,'매우 아니다',1),(162,33,2,0,'아니다',3),(163,33,3,0,'보통이다',4),(164,33,4,0,'그렇다',5),(165,33,5,0,'매우 그렇다',7),(166,34,1,0,'매우 아니다',1),(167,34,2,0,'아니다',3),(168,34,3,0,'보통이다',4),(169,34,4,0,'그렇다',5),(170,34,5,0,'매우 그렇다',7),(171,35,1,0,'매우 아니다',1),(172,35,2,0,'아니다',3),(173,35,3,0,'보통이다',4),(174,35,4,0,'그렇다',5),(175,35,5,0,'매우 그렇다',7),(176,36,1,0,'매우 아니다',1),(177,36,2,0,'아니다',3),(178,36,3,0,'보통이다',4),(179,36,4,0,'그렇다',5),(180,36,5,0,'매우 그렇다',7),(181,37,1,0,'매우 아니다',1),(182,37,2,0,'아니다',3),(183,37,3,0,'보통이다',4),(184,37,4,0,'그렇다',5),(185,37,5,0,'매우 그렇다',7),(186,38,1,0,'매우 아니다',1),(187,38,2,0,'아니다',3),(188,38,3,0,'보통이다',4),(189,38,4,0,'그렇다',5),(190,38,5,0,'매우 그렇다',7),(191,39,1,0,'매우 아니다',1),(192,39,2,0,'아니다',3),(193,39,3,0,'보통이다',4),(194,39,4,0,'그렇다',5),(195,39,5,0,'매우 그렇다',7),(196,40,1,0,'매우 아니다',1),(197,40,2,0,'아니다',3),(198,40,3,0,'보통이다',4),(199,40,4,0,'그렇다',5),(200,40,5,0,'매우 그렇다',7),(201,41,1,0,'매우 아니다',1),(202,41,2,0,'아니다',3),(203,41,3,0,'보통이다',4),(204,41,4,0,'그렇다',5),(205,41,5,0,'매우 그렇다',7),(206,42,1,0,'매우 아니다',1),(207,42,2,0,'아니다',3),(208,42,3,0,'보통이다',4),(209,42,4,0,'그렇다',5),(210,42,5,0,'매우 그렇다',7),(211,43,1,0,'매우 아니다',1),(212,43,2,0,'아니다',3),(213,43,3,0,'보통이다',4),(214,43,4,0,'그렇다',5),(215,43,5,0,'매우 그렇다',7),(216,44,1,0,'매우 아니다',1),(217,44,2,0,'아니다',3),(218,44,3,0,'보통이다',4),(219,44,4,0,'그렇다',5),(220,44,5,0,'매우 그렇다',7),(221,45,1,0,'매우 아니다',1),(222,45,2,0,'아니다',3),(223,45,3,0,'보통이다',4),(224,45,4,0,'그렇다',5),(225,45,5,0,'매우 그렇다',7),(226,46,1,0,'매우 아니다',1),(227,46,2,0,'아니다',3),(228,46,3,0,'보통이다',4),(229,46,4,0,'그렇다',5),(230,46,5,0,'매우 그렇다',7),(231,47,1,0,'매우 아니다',1),(232,47,2,0,'아니다',3),(233,47,3,0,'보통이다',4),(234,47,4,0,'그렇다',5),(235,47,5,0,'매우 그렇다',7),(236,48,1,0,'매우 아니다',1),(237,48,2,0,'아니다',3),(238,48,3,0,'보통이다',4),(239,48,4,0,'그렇다',5),(240,48,5,0,'매우 그렇다',7),(241,49,1,0,'매우 아니다',1),(242,49,2,0,'아니다',3),(243,49,3,0,'보통이다',4),(244,49,4,0,'그렇다',5),(245,49,5,0,'매우 그렇다',7),(246,50,1,0,'매우 아니다',1),(247,50,2,0,'아니다',3),(248,50,3,0,'보통이다',4),(249,50,4,0,'그렇다',5),(250,50,5,0,'매우 그렇다',7),(251,51,1,0,'매우 아니다',1),(252,51,2,0,'아니다',3),(253,51,3,0,'보통이다',4),(254,51,4,0,'그렇다',5),(255,51,5,0,'매우 그렇다',7),(256,52,1,0,'매우 아니다',1),(257,52,2,0,'아니다',3),(258,52,3,0,'보통이다',4),(259,52,4,0,'그렇다',5),(260,52,5,0,'매우 그렇다',7),(261,53,1,0,'매우 아니다',1),(262,53,2,0,'아니다',3),(263,53,3,0,'보통이다',4),(264,53,4,0,'그렇다',5),(265,53,5,0,'매우 그렇다',7),(266,54,1,0,'매우 아니다',1),(267,54,2,0,'아니다',3),(268,54,3,0,'보통이다',4),(269,54,4,0,'그렇다',5),(270,54,5,0,'매우 그렇다',7),(271,55,1,0,'매우 아니다',1),(272,55,2,0,'아니다',3),(273,55,3,0,'보통이다',4),(274,55,4,0,'그렇다',5),(275,55,5,0,'매우 그렇다',7),(276,56,1,0,'매우 아니다',1),(277,56,2,0,'아니다',3),(278,56,3,0,'보통이다',4),(279,56,4,0,'그렇다',5),(280,56,5,0,'매우 그렇다',7),(281,57,1,0,'매우 아니다',1),(282,57,2,0,'아니다',3),(283,57,3,0,'보통이다',4),(284,57,4,0,'그렇다',5),(285,57,5,0,'매우 그렇다',7),(286,58,1,0,'매우 아니다',1),(287,58,2,0,'아니다',3),(288,58,3,0,'보통이다',4),(289,58,4,0,'그렇다',5),(290,58,5,0,'매우 그렇다',7),(291,59,1,0,'매우 아니다',1),(292,59,2,0,'아니다',3),(293,59,3,0,'보통이다',4),(294,59,4,0,'그렇다',5),(295,59,5,0,'매우 그렇다',7),(296,60,1,0,'매우 아니다',1),(297,60,2,0,'아니다',3),(298,60,3,0,'보통이다',4),(299,60,4,0,'그렇다',5),(300,60,5,0,'매우 그렇다',7),(301,61,1,0,'매우 아니다',1),(302,61,2,0,'아니다',3),(303,61,3,0,'보통이다',4),(304,61,4,0,'그렇다',5),(305,61,5,0,'매우 그렇다',7),(306,62,1,0,'매우 아니다',1),(307,62,2,0,'아니다',3),(308,62,3,0,'보통이다',4),(309,62,4,0,'그렇다',5),(310,62,5,0,'매우 그렇다',7),(311,63,1,0,'매우 아니다',1),(312,63,2,0,'아니다',3),(313,63,3,0,'보통이다',4),(314,63,4,0,'그렇다',5),(315,63,5,0,'매우 그렇다',7),(316,64,1,0,'매우 아니다',1),(317,64,2,0,'아니다',3),(318,64,3,0,'보통이다',4),(319,64,4,0,'그렇다',5),(320,64,5,0,'매우 그렇다',7),(321,65,1,0,'매우 아니다',1),(322,65,2,0,'아니다',3),(323,65,3,0,'보통이다',4),(324,65,4,0,'그렇다',5),(325,65,5,0,'매우 그렇다',7),(326,66,1,0,'매우 아니다',1),(327,66,2,0,'아니다',3),(328,66,3,0,'보통이다',4),(329,66,4,0,'그렇다',5),(330,66,5,0,'매우 그렇다',7),(331,67,1,0,'매우 아니다',1),(332,67,2,0,'아니다',3),(333,67,3,0,'보통이다',4),(334,67,4,0,'그렇다',5),(335,67,5,0,'매우 그렇다',7),(336,68,1,0,'매우 아니다',1),(337,68,2,0,'아니다',3),(338,68,3,0,'보통이다',4),(339,68,4,0,'그렇다',5),(340,68,5,0,'매우 그렇다',7),(341,69,1,0,'매우 아니다',1),(342,69,2,0,'아니다',3),(343,69,3,0,'보통이다',4),(344,69,4,0,'그렇다',5),(345,69,5,0,'매우 그렇다',7),(346,70,1,0,'매우 아니다',1),(347,70,2,0,'아니다',3),(348,70,3,0,'보통이다',4),(349,70,4,0,'그렇다',5),(350,70,5,0,'매우 그렇다',7),(351,71,1,0,'매우 아니다',1),(352,71,2,0,'아니다',3),(353,71,3,0,'보통이다',4),(354,71,4,0,'그렇다',5),(355,71,5,0,'매우 그렇다',7),(356,72,1,0,'매우 아니다',1),(357,72,2,0,'아니다',3),(358,72,3,0,'보통이다',4),(359,72,4,0,'그렇다',5),(360,72,5,0,'매우 그렇다',7),(361,73,1,0,'매우 아니다',1),(362,73,2,0,'아니다',3),(363,73,3,0,'보통이다',4),(364,73,4,0,'그렇다',5),(365,73,5,0,'매우 그렇다',7),(366,74,1,0,'매우 아니다',1),(367,74,2,0,'아니다',3),(368,74,3,0,'보통이다',4),(369,74,4,0,'그렇다',5),(370,74,5,0,'매우 그렇다',7),(371,75,1,2,'거의 없다',0),(372,75,2,3,'일주일에 한 두번',1),(373,75,3,0,'자주',2),(374,76,1,2,'거의 없다',0),(375,76,2,1,'일주일에 한 두번',1),(376,76,3,2,'자주',2),(377,77,1,1,'거의 없다',0),(378,77,2,4,'일주일에 한 두번',1),(379,77,3,0,'자주',2),(380,78,1,1,'거의 없다',0),(381,78,2,2,'일주일에 한 두번',1),(382,78,3,2,'자주',2),(383,79,1,1,'거의 없다',0),(384,79,2,3,'일주일에 한 두번',1),(385,79,3,1,'자주',2),(386,80,1,0,'거의 없다',0),(387,80,2,4,'일주일에 한 두번',1),(388,80,3,1,'자주',2),(389,81,1,0,'거의 없다',0),(390,81,2,3,'일주일에 한 두번',1),(391,81,3,2,'자주',2),(392,82,1,2,'거의 없다',0),(393,82,2,0,'일주일에 한 두번',1),(394,82,3,3,'자주',2),(395,83,1,2,'거의 없다',0),(396,83,2,1,'일주일에 한 두번',1),(397,83,3,2,'자주',2),(398,84,1,3,'거의 없다',0),(399,84,2,0,'일주일에 한 두번',1),(400,84,3,2,'자주',2),(401,85,1,1,'거의 없다',0),(402,85,2,2,'일주일에 한 두번',1),(403,85,3,1,'자주',2),(404,86,1,1,'거의 없다',0),(405,86,2,1,'일주일에 한 두번',1),(406,86,3,2,'자주',2),(407,87,1,1,'거의 없다',0),(408,87,2,2,'일주일에 한 두번',1),(409,87,3,1,'자주',2),(410,88,1,1,'거의 없다',0),(411,88,2,1,'일주일에 한 두번',1),(412,88,3,2,'자주',2),(413,89,1,1,'거의 없다',0),(414,89,2,0,'일주일에 한 두번',1),(415,89,3,3,'자주',2),(416,90,1,2,'거의 없다',0),(417,90,2,2,'일주일에 한 두번',1),(418,90,3,0,'자주',2),(419,91,1,2,'거의 없다',0),(420,91,2,0,'일주일에 한 두번',1),(421,91,3,2,'자주',2),(422,92,1,2,'거의 없다',0),(423,92,2,0,'일주일에 한 두번',1),(424,92,3,2,'자주',2),(425,93,1,0,'거의 없다',0),(426,93,2,4,'일주일에 한 두번',1),(427,93,3,0,'자주',2),(428,94,1,0,'거의 없다',0),(429,94,2,2,'일주일에 한 두번',1),(430,94,3,2,'자주',2),(431,95,1,0,'아니다',0),(432,95,2,0,'그렇다',1),(433,96,1,0,'아니다',0),(434,96,2,0,'그렇다',1),(435,97,1,0,'아니다',0),(436,97,2,0,'그렇다',1),(437,98,1,0,'아니다',0),(438,98,2,0,'그렇다',1),(439,99,1,0,'아니다',0),(440,99,2,0,'그렇다',1),(441,100,1,0,'아니다',0),(442,100,2,0,'그렇다',1),(443,101,1,0,'아니다',0),(444,101,2,0,'그렇다',1),(445,102,1,0,'아니다',0),(446,102,2,0,'그렇다',1),(447,103,1,0,'아니다',0),(448,103,2,0,'그렇다',1),(449,104,1,0,'아니다',0),(450,104,2,0,'그렇다',1),(451,105,1,0,'아니다',0),(452,105,2,0,'그렇다',1),(453,106,1,0,'아니다',0),(454,106,2,0,'그렇다',1),(455,107,1,0,'아니다',0),(456,107,2,0,'그렇다',1),(457,108,1,0,'아니다',0),(458,108,2,0,'그렇다',1),(459,109,1,1,'아니다',0),(460,109,2,2,'그렇다',1),(461,110,1,1,'아니다',0),(462,110,2,2,'그렇다',1),(463,111,1,1,'아니다',0),(464,111,2,2,'그렇다',1),(465,112,1,1,'아니다',0),(466,112,2,2,'그렇다',1),(467,113,1,0,'아니다',0),(468,113,2,3,'그렇다',1),(469,114,1,0,'아니다',0),(470,114,2,3,'그렇다',1),(471,115,1,1,'아니다',0),(472,115,2,2,'그렇다',1),(473,116,1,1,'아니다',0),(474,116,2,2,'그렇다',1),(475,117,1,1,'아니다',0),(476,117,2,2,'그렇다',1),(477,118,1,0,'아니다',0),(478,118,2,3,'그렇다',1),(479,119,1,1,'아니다',0),(480,119,2,2,'그렇다',1),(481,120,1,1,'아니다',0),(482,120,2,2,'그렇다',1),(483,121,1,1,'아니다',0),(484,121,2,2,'그렇다',1),(485,122,1,1,'아니다',0),(486,122,2,2,'그렇다',1),(487,123,1,0,'전혀',1),(488,123,2,0,'가끔',2),(489,123,3,0,'거의',3),(490,123,4,0,'자주',4),(491,123,5,0,'매우 자주',5),(492,124,1,0,'전혀',1),(493,124,2,0,'가끔',2),(494,124,3,0,'거의',3),(495,124,4,0,'자주',4),(496,124,5,0,'매우 자주',5),(497,125,1,0,'전혀',1),(498,125,2,0,'가끔',2),(499,125,3,0,'거의',3),(500,125,4,0,'자주',4),(501,125,5,0,'매우 자주',5),(502,126,1,0,'전혀',1),(503,126,2,0,'가끔',2),(504,126,3,0,'거의',3),(505,126,4,0,'자주',4),(506,126,5,0,'매우 자주',5),(507,127,1,0,'전혀',1),(508,127,2,0,'가끔',2),(509,127,3,0,'거의',3),(510,127,4,0,'자주',4),(511,127,5,0,'매우 자주',5),(512,128,1,0,'전혀',1),(513,128,2,0,'가끔',2),(514,128,3,0,'거의',3),(515,128,4,0,'자주',4),(516,128,5,0,'매우 자주',5),(517,129,1,0,'전혀',1),(518,129,2,0,'가끔',2),(519,129,3,0,'거의',3),(520,129,4,0,'자주',4),(521,129,5,0,'매우 자주',5),(522,130,1,0,'전혀',1),(523,130,2,0,'가끔',2),(524,130,3,0,'거의',3),(525,130,4,0,'자주',4),(526,130,5,0,'매우 자주',5),(527,131,1,0,'전혀',1),(528,131,2,0,'가끔',2),(529,131,3,0,'거의',3),(530,131,4,0,'자주',4),(531,131,5,0,'매우 자주',5),(532,132,1,0,'전혀',1),(533,132,2,0,'가끔',2),(534,132,3,0,'거의',3),(535,132,4,0,'자주',4),(536,132,5,0,'매우 자주',5),(537,133,1,1,'전혀',1),(538,133,2,0,'가끔',2),(539,133,3,2,'거의',3),(540,133,4,2,'자주',4),(541,133,5,1,'매우 자주',5),(542,134,1,0,'전혀',1),(543,134,2,2,'가끔',2),(544,134,3,1,'거의',3),(545,134,4,3,'자주',4),(546,134,5,0,'매우 자주',5),(547,135,1,0,'전혀',1),(548,135,2,2,'가끔',2),(549,135,3,1,'거의',3),(550,135,4,1,'자주',4),(551,135,5,2,'매우 자주',5),(552,136,1,1,'전혀',1),(553,136,2,2,'가끔',2),(554,136,3,0,'거의',3),(555,136,4,0,'자주',4),(556,136,5,3,'매우 자주',5),(557,137,1,0,'전혀',1),(558,137,2,3,'가끔',2),(559,137,3,0,'거의',3),(560,137,4,1,'자주',4),(561,137,5,2,'매우 자주',5),(562,138,1,2,'전혀',1),(563,138,2,0,'가끔',2),(564,138,3,0,'거의',3),(565,138,4,2,'자주',4),(566,138,5,2,'매우 자주',5),(567,139,1,0,'전혀',1),(568,139,2,3,'가끔',2),(569,139,3,1,'거의',3),(570,139,4,0,'자주',4),(571,139,5,2,'매우 자주',5),(572,140,1,2,'전혀',1),(573,140,2,0,'가끔',2),(574,140,3,1,'거의',3),(575,140,4,1,'자주',4),(576,140,5,2,'매우 자주',5),(577,141,1,1,'전혀',1),(578,141,2,1,'가끔',2),(579,141,3,0,'거의',3),(580,141,4,2,'자주',4),(581,141,5,2,'매우 자주',5),(582,142,1,0,'전혀',1),(583,142,2,1,'가끔',2),(584,142,3,2,'거의',3),(585,142,4,1,'자주',4),(586,142,5,2,'매우 자주',5),(587,143,1,2,'없음',0),(588,143,2,2,'2~6일',1),(589,143,3,3,'7~12일',2),(590,143,4,2,'거의 매일',3),(591,144,1,2,'없음',0),(592,144,2,3,'2~6일',1),(593,144,3,3,'7~12일',2),(594,144,4,1,'거의 매일',3),(595,145,1,1,'없음',0),(596,145,2,4,'2~6일',1),(597,145,3,3,'7~12일',2),(598,145,4,1,'거의 매일',3),(599,146,1,1,'없음',0),(600,146,2,3,'2~6일',1),(601,146,3,3,'7~12일',2),(602,146,4,2,'거의 매일',3),(603,147,1,2,'없음',0),(604,147,2,3,'2~6일',1),(605,147,3,1,'7~12일',2),(606,147,4,3,'거의 매일',3),(607,148,1,2,'없음',0),(608,148,2,4,'2~6일',1),(609,148,3,1,'7~12일',2),(610,148,4,2,'거의 매일',3),(611,149,1,2,'없음',0),(612,149,2,2,'2~6일',1),(613,149,3,2,'7~12일',2),(614,149,4,3,'거의 매일',3),(615,150,1,1,'없음',0),(616,150,2,4,'2~6일',1),(617,150,3,3,'7~12일',2),(618,150,4,1,'거의 매일',3),(619,151,1,3,'없음',0),(620,151,2,3,'2~6일',1),(621,151,3,1,'7~12일',2),(622,151,4,2,'거의 매일',3),(623,152,1,2,'없음',0),(624,152,2,3,'2~6일',1),(625,152,3,3,'7~12일',2),(626,152,4,2,'거의 매일',3),(627,153,1,2,'없음',0),(628,153,2,1,'2~6일',1),(629,153,3,7,'7~12일',2),(630,153,4,0,'거의 매일',3),(631,154,1,1,'없음',0),(632,154,2,6,'2~6일',1),(633,154,3,2,'7~12일',2),(634,154,4,1,'거의 매일',3),(635,155,1,2,'없음',0),(636,155,2,4,'2~6일',1),(637,155,3,2,'7~12일',2),(638,155,4,2,'거의 매일',3),(639,156,1,1,'없음',0),(640,156,2,4,'2~6일',1),(641,156,3,2,'7~12일',2),(642,156,4,3,'거의 매일',3),(643,157,1,2,'없음',0),(644,157,2,5,'2~6일',1),(645,157,3,2,'7~12일',2),(646,157,4,1,'거의 매일',3),(647,158,1,4,'없음',0),(648,158,2,3,'2~6일',1),(649,158,3,2,'7~12일',2),(650,158,4,1,'거의 매일',3),(651,159,1,4,'없음',0),(652,159,2,2,'2~6일',1),(653,159,3,2,'7~12일',2),(654,159,4,2,'거의 매일',3),(655,160,1,3,'없음',0),(656,160,2,2,'2~6일',1),(657,160,3,2,'7~12일',2),(658,160,4,3,'거의 매일',3),(659,161,1,0,'없음',0),(660,161,2,0,'2~6일',1),(661,161,3,0,'7~12일',2),(662,161,4,0,'거의 매일',3),(663,162,1,0,'없음',0),(664,162,2,0,'2~6일',1),(665,162,3,0,'7~12일',2),(666,162,4,0,'거의 매일',3),(667,163,1,0,'없음',0),(668,163,2,0,'2~6일',1),(669,163,3,0,'7~12일',2),(670,163,4,0,'거의 매일',3),(671,164,1,0,'없음',0),(672,164,2,0,'2~6일',1),(673,164,3,0,'7~12일',2),(674,164,4,0,'거의 매일',3),(675,165,1,0,'없음',0),(676,165,2,0,'2~6일',1),(677,165,3,0,'7~12일',2),(678,165,4,0,'거의 매일',3),(679,166,1,0,'없음',0),(680,166,2,0,'2~6일',1),(681,166,3,0,'7~12일',2),(682,166,4,0,'거의 매일',3),(683,167,1,0,'없음',0),(684,167,2,0,'2~6일',1),(685,167,3,0,'7~12일',2),(686,167,4,0,'거의 매일',3),(687,168,1,0,'없음',0),(688,168,2,0,'2~6일',1),(689,168,3,0,'7~12일',2),(690,168,4,0,'거의 매일',3),(691,169,1,0,'없음',0),(692,169,2,0,'2~6일',1),(693,169,3,0,'7~12일',2),(694,169,4,0,'거의 매일',3),(695,170,1,0,'없음',0),(696,170,2,0,'2~6일',1),(697,170,3,0,'7~12일',2),(698,170,4,0,'거의 매일',3),(699,171,1,0,'없음',0),(700,171,2,0,'2~6일',1),(701,171,3,0,'7~12일',2),(702,171,4,0,'거의 매일',3),(703,172,1,0,'없음',0),(704,172,2,0,'2~6일',1),(705,172,3,0,'7~12일',2),(706,172,4,0,'거의 매일',3),(707,173,1,0,'없음',0),(708,173,2,0,'2~6일',1),(709,173,3,0,'7~12일',2),(710,173,4,0,'거의 매일',3),(711,174,1,0,'없음',0),(712,174,2,0,'2~6일',1),(713,174,3,0,'7~12일',2),(714,174,4,0,'거의 매일',3),(715,175,1,0,'없음',0),(716,175,2,0,'2~6일',1),(717,175,3,0,'7~12일',2),(718,175,4,0,'거의 매일',3),(719,176,1,0,'없음',0),(720,176,2,0,'2~6일',1),(721,176,3,0,'7~12일',2),(722,176,4,0,'거의 매일',3),(723,177,1,0,'없음',0),(724,177,2,0,'2~6일',1),(725,177,3,0,'7~12일',2),(726,177,4,0,'거의 매일',3),(727,178,1,0,'없음',0),(728,178,2,0,'2~6일',1),(729,178,3,0,'7~12일',2),(730,178,4,0,'거의 매일',3),(731,179,1,0,'없음',0),(732,179,2,0,'2~6일',1),(733,179,3,0,'7~12일',2),(734,179,4,0,'거의 매일',3),(735,180,1,0,'없음',0),(736,180,2,0,'2~6일',1),(737,180,3,0,'7~12일',2),(738,180,4,0,'거의 매일',3),(739,181,1,0,'없음',0),(740,181,2,0,'2~6일',1),(741,181,3,0,'7~12일',2),(742,181,4,0,'거의 매일',3),(743,182,1,0,'없음',0),(744,182,2,0,'2~6일',1),(745,182,3,0,'7~12일',2),(746,182,4,0,'거의 매일',3),(747,183,1,0,'없음',0),(748,183,2,0,'2~6일',1),(749,183,3,0,'7~12일',2),(750,183,4,0,'거의 매일',3),(751,184,1,0,'없음',0),(752,184,2,0,'2~6일',1),(753,184,3,0,'7~12일',2),(754,184,4,0,'거의 매일',3),(755,185,1,0,'없음',0),(756,185,2,0,'2~6일',1),(757,185,3,0,'7~12일',2),(758,185,4,0,'거의 매일',3),(759,186,1,0,'없음',0),(760,186,2,0,'2~6일',1),(761,186,3,0,'7~12일',2),(762,186,4,0,'거의 매일',3),(763,187,1,0,'없음',0),(764,187,2,0,'2~6일',1),(765,187,3,0,'7~12일',2),(766,187,4,0,'거의 매일',3),(767,188,1,0,'없음',0),(768,188,2,0,'2~6일',1),(769,188,3,0,'7~12일',2),(770,188,4,0,'거의 매일',3),(771,189,1,0,'없음',0),(772,189,2,0,'2~6일',1),(773,189,3,0,'7~12일',2),(774,189,4,0,'거의 매일',3),(775,190,1,0,'없음',0),(776,190,2,0,'2~6일',1),(777,190,3,0,'7~12일',2),(778,190,4,0,'거의 매일',3),(779,191,1,0,'없음',0),(780,191,2,0,'2~6일',1),(781,191,3,0,'7~12일',2),(782,191,4,0,'거의 매일',3),(783,192,1,0,'없음',0),(784,192,2,0,'2~6일',1),(785,192,3,0,'7~12일',2),(786,192,4,0,'거의 매일',3),(787,193,1,0,'없음',0),(788,193,2,0,'2~6일',1),(789,193,3,0,'7~12일',2),(790,193,4,0,'거의 매일',3),(791,194,1,0,'없음',0),(792,194,2,0,'2~6일',1),(793,194,3,0,'7~12일',2),(794,194,4,0,'거의 매일',3),(795,195,1,0,'없음',0),(796,195,2,0,'2~6일',1),(797,195,3,0,'7~12일',2),(798,195,4,0,'거의 매일',3),(799,196,1,0,'없음',0),(800,196,2,0,'2~6일',1),(801,196,3,0,'7~12일',2),(802,196,4,0,'거의 매일',3),(803,197,1,1,'매우 아니다',0),(804,197,2,2,'아니다',0),(805,197,3,0,'보통이다',0),(806,197,4,0,'그렇다',0),(807,197,5,3,'매우 그렇다',0),(808,198,1,1,'매우 아니다',0),(809,198,2,0,'아니다',0),(810,198,3,1,'보통이다',0),(811,198,4,0,'그렇다',0),(812,198,5,4,'매우 그렇다',0),(813,199,1,0,'매우 아니다',0),(814,199,2,1,'아니다',0),(815,199,3,2,'보통이다',0),(816,199,4,0,'그렇다',0),(817,199,5,3,'매우 그렇다',0),(818,200,1,0,'매우 아니다',0),(819,200,2,0,'아니다',0),(820,200,3,2,'보통이다',0),(821,200,4,0,'그렇다',0),(822,200,5,4,'매우 그렇다',0),(823,201,1,1,'매우 아니다',0),(824,201,2,1,'아니다',0),(825,201,3,1,'보통이다',0),(826,201,4,0,'그렇다',0),(827,201,5,3,'매우 그렇다',0),(828,202,1,0,'매우 아니다',0),(829,202,2,0,'아니다',0),(830,202,3,0,'보통이다',0),(831,202,4,0,'그렇다',0),(832,202,5,0,'매우 그렇다',0),(833,203,1,0,'매우 아니다',0),(834,203,2,0,'아니다',0),(835,203,3,0,'보통이다',0),(836,203,4,0,'그렇다',0),(837,203,5,0,'매우 그렇다',0),(838,204,1,0,'매우 아니다',0),(839,204,2,0,'아니다',0),(840,204,3,0,'보통이다',0),(841,204,4,0,'그렇다',0),(842,204,5,0,'매우 그렇다',0),(843,205,1,0,'매우 아니다',0),(844,205,2,0,'아니다',0),(845,205,3,0,'보통이다',0),(846,205,4,0,'그렇다',0),(847,205,5,0,'매우 그렇다',0),(848,206,1,0,'매우 아니다',0),(849,206,2,0,'아니다',0),(850,206,3,0,'보통이다',0),(851,206,4,0,'그렇다',0),(852,206,5,0,'매우 그렇다',0),(853,207,1,0,'매우 아니다',0),(854,207,2,0,'아니다',0),(855,207,3,0,'보통이다',0),(856,207,4,0,'그렇다',0),(857,207,5,0,'매우 그렇다',0),(858,208,1,1,'매우 아니다',0),(859,208,2,2,'아니다',0),(860,208,3,2,'보통이다',0),(861,208,4,1,'그렇다',0),(862,208,5,1,'매우 그렇다',0),(863,209,1,1,'매우 아니다',0),(864,209,2,1,'아니다',0),(865,209,3,1,'보통이다',0),(866,209,4,2,'그렇다',0),(867,209,5,2,'매우 그렇다',0),(868,210,1,1,'매우 아니다',0),(869,210,2,1,'아니다',0),(870,210,3,2,'보통이다',0),(871,210,4,1,'그렇다',0),(872,210,5,2,'매우 그렇다',0),(873,211,1,1,'매우 아니다',0),(874,211,2,0,'아니다',0),(875,211,3,1,'보통이다',0),(876,211,4,0,'그렇다',0),(877,211,5,0,'매우 그렇다',0),(878,212,1,0,'매우 아니다',0),(879,212,2,0,'아니다',0),(880,212,3,0,'보통이다',0),(881,212,4,1,'그렇다',0),(882,212,5,1,'매우 그렇다',0),(883,213,1,1,'매우 아니다',0),(884,213,2,1,'아니다',0),(885,213,3,0,'보통이다',0),(886,213,4,0,'그렇다',0),(887,213,5,0,'매우 그렇다',0),(888,214,1,0,'매우 아니다',0),(889,214,2,0,'아니다',0),(890,214,3,0,'보통이다',0),(891,214,4,1,'그렇다',0),(892,214,5,1,'매우 그렇다',0),(893,215,1,0,'매우 아니다',0),(894,215,2,1,'아니다',0),(895,215,3,0,'보통이다',0),(896,215,4,1,'그렇다',0),(897,215,5,0,'매우 그렇다',0),(898,216,1,0,'매우 아니다',0),(899,216,2,0,'아니다',0),(900,216,3,0,'보통이다',0),(901,216,4,1,'그렇다',0),(902,216,5,1,'매우 그렇다',0),(903,217,1,0,'매우 아니다',0),(904,217,2,0,'아니다',0),(905,217,3,0,'보통이다',0),(906,217,4,0,'그렇다',0),(907,217,5,2,'매우 그렇다',0),(908,218,1,0,'매우 아니다',0),(909,218,2,2,'아니다',0),(910,218,3,0,'보통이다',0),(911,218,4,0,'그렇다',0),(912,218,5,0,'매우 그렇다',0);
/*!40000 ALTER TABLE `option` ENABLE KEYS */;
UNLOCK TABLES;

--
-- Table structure for table `question`
--

DROP TABLE IF EXISTS `question`;
/*!40101 SET @saved_cs_client     = @@character_set_client */;
/*!50503 SET character_set_client = utf8mb4 */;
CREATE TABLE `question` (
  `id` int NOT NULL AUTO_INCREMENT,
  `survey_id` int NOT NULL,
  `order` int DEFAULT NULL,
  `context` text NOT NULL,
  `type` tinyint(1) NOT NULL DEFAULT '1',
  PRIMARY KEY (`id`),
  KEY `survey_id` (`survey_id`),
  CONSTRAINT `question_ibfk_1` FOREIGN KEY (`survey_id`) REFERENCES `hospital_survey` (`id`) ON DELETE CASCADE
) ENGINE=InnoDB AUTO_INCREMENT=219 DEFAULT CHARSET=utf8mb4 COLLATE=utf8mb4_0900_ai_ci;
/*!40101 SET character_set_client = @saved_cs_client */;

--
-- Dumping data for table `question`
--

LOCK TABLES `question` WRITE;
/*!40000 ALTER TABLE `question` DISABLE KEYS */;
INSERT INTO `question` VALUES (1,2,1,'긴장감, 분노를 느끼고 신경성 소화불량이 생긴다',0),(2,2,2,'약속에 결코 늦지 않는다',0),(3,2,3,'매우 경쟁적이다',0),(4,2,4,'대화에서 다른 사람의 말을 앞지른다(부정, 방해, 말꼬리를 채어감)',0),(5,2,5,'항상 서두른다',0),(6,2,6,'기다리고 있을 때 항상 초조해한다',0),(7,2,7,'언제나 전력을 다해 일에 임한다',0),(8,2,8,'한번에 한가지 이상의 일을 하고 다음엔 무엇을 할까를 항상 생각한다',0),(9,2,9,'일이 잘 되게 하기 위해서 타인의 인정을 받기를 원한다',0),(10,2,10,'일을 빨리한다(식사, 걸음, 기타)',0),(11,2,11,'바둥거리며 산다',0),(12,2,12,'감정을 표현하지 않는다',0),(13,2,13,'일 이외에는 흥미가 별로 없다',0),(14,2,14,'야심이 많고 직장에서 급속도로 승진하기를 바란다',0),(15,2,15,'스스로 마감일을 정해 놓는다',0),(16,2,16,'언제나 관여하는 모든 일에 전적으로 책임감을 갖는다',0),(17,2,17,'수행정도를 판단할 때 항상 양적으로 한다',0),(18,2,18,'일을 심각하게 받아들이고 세세한 부분에 대해서도 신경을 쓴다',0),(19,2,19,'말할 때 원기가 있고 힘차게 이야기 한다',0),(20,3,1,'긴장감, 분노를 느끼고 신경성 소화불량이 생긴다',0),(21,3,2,'약속에 결코 늦지 않는다',0),(22,3,3,'매우 경쟁적이다',0),(23,3,4,'대화에서 다른 사람의 말을 앞지른다(부정, 방해, 말꼬리를 채어감)',0),(24,3,5,'항상 서두른다',0),(25,3,6,'기다리고 있을 때 항상 초조해한다',0),(26,3,7,'언제나 전력을 다해 일에 임한다',0),(27,3,8,'한번에 한가지 이상의 일을 하고 다음엔 무엇을 할까를 항상 생각한다',0),(28,3,9,'일이 잘 되게 하기 위해서 타인의 인정을 받기를 원한다',0),(29,3,10,'일을 빨리한다(식사, 걸음, 기타)',0),(30,3,11,'바둥거리며 산다',0),(31,3,12,'감정을 표현하지 않는다',0),(32,3,13,'일 이외에는 흥미가 별로 없다',0),(33,3,14,'야심이 많고 직장에서 급속도로 승진하기를 바란다',0),(34,3,15,'스스로 마감일을 정해 놓는다',0),(35,3,16,'언제나 관여하는 모든 일에 전적으로 책임감을 갖는다',0),(36,3,17,'수행정도를 판단할 때 항상 양적으로 한다',0),(37,3,18,'일을 심각하게 받아들이고 세세한 부분에 대해서도 신경을 쓴다',0),(38,3,19,'말할 때 원기가 있고 힘차게 이야기 한다',0),(39,4,1,'일을 끝내지 않은 상태로 남겨두는 것은 그다지 개의치 않는다',0),(40,4,2,'침작하고 서두르지 않는다',0),(41,4,3,'경쟁적이지 않다',0),(42,4,4,'다른 사람의 말을 잘 듣고 끝마칠 때까지 기다린다',0),(43,4,5,'재촉을 받고 있을 때도 서두르지 않는다',0),(44,4,6,'침착하게 기다릴줄 안다',0),(45,4,7,'일을 쉽게 처리한다',0),(46,4,8,'한번에 천천히 전달하려고 노력하며 이야기 한다',0),(47,4,9,'말할 때 천천히 전달하려고 노력하며 이야기 한다',0),(48,4,10,'일을 천천히 한다',0),(49,4,11,'쉬어가며 유유하게 산다',0),(50,4,12,'감정 그대로 표현한다',0),(51,4,13,'여러가지 다양한 흥미와 관심을 가지고 있다',0),(52,4,14,'직업에 만족하고 있다',0),(53,4,15,'마감시간등을 따로 정해놓지 않는다',0),(54,4,16,'한정된 만큼의 책임감만 느낀다',0),(55,4,17,'일의 결과를 판단할 때 양적으로만 평가하지 않는다',0),(56,4,18,'일을 심각하게 받아들이고 세세한 부분에 대해서도 신경을 쓴다',0),(57,5,1,'일을 끝내지 않은 상태로 남겨두는 것은 그다지 개의치 않는다',0),(58,5,2,'침작하고 서두르지 않는다',0),(59,5,3,'경쟁적이지 않다',0),(60,5,4,'다른 사람의 말을 잘 듣고 끝마칠 때까지 기다린다',0),(61,5,5,'재촉을 받고 있을 때도 서두르지 않는다',0),(62,5,6,'침착하게 기다릴줄 안다',0),(63,5,7,'일을 쉽게 처리한다',0),(64,5,8,'한번에 천천히 전달하려고 노력하며 이야기 한다',0),(65,5,9,'말할 때 천천히 전달하려고 노력하며 이야기 한다',0),(66,5,10,'일을 천천히 한다',0),(67,5,11,'쉬어가며 유유하게 산다',0),(68,5,12,'감정 그대로 표현한다',0),(69,5,13,'여러가지 다양한 흥미와 관심을 가지고 있다',0),(70,5,14,'직업에 만족하고 있다',0),(71,5,15,'마감시간등을 따로 정해놓지 않는다',0),(72,5,16,'한정된 만큼의 책임감만 느낀다',0),(73,5,17,'일의 결과를 판단할 때 양적으로만 평가하지 않는다',0),(74,5,18,'일을 심각하게 받아들이고 세세한 부분에 대해서도 신경을 쓴다',0),(75,6,1,'긴장감, 분노를 느끼고 신경성 소화불량이 생긴다',0),(76,6,2,'직장이나 가정에서 주위 사람들이 긴장하게 한다',0),(77,6,3,'긴장했을 때 먹거나 마시거나 담배를 피운다',0),(78,6,4,'긴장감, 편두통, 목이나 어깨의 통증, 불면증이 있다',0),(79,6,5,'밤이나 주말에 다음날 새롭게 활동할 정도로 쉽게 긴장을 풀고 머리를 식힐 수 없다',0),(80,6,6,'일에 대한 걱정 때문에 집중하기 어렵다',0),(81,6,7,'긴장을 풀기 위해 진정제나 다른 약을 먹는다',0),(82,6,8,'긴장을 풀기 위해 시간을 충분히 내기 어렵다',0),(83,6,9,'시간 여유가 있어도 긴장을 해소하는데 사용하지 못한다',0),(84,6,10,'업무의 성격상 마감 시간에 쫓기는 편이다',0),(85,7,1,'긴장감, 분노를 느끼고 신경성 소화불량이 생긴다',0),(86,7,2,'직장이나 가정에서 주위 사람들이 긴장하게 한다',0),(87,7,3,'긴장했을 때 먹거나 마시거나 담배를 피운다',0),(88,7,4,'긴장감, 편두통, 목이나 어깨의 통증, 불면증이 있다',0),(89,7,5,'밤이나 주말에 다음날 새롭게 활동할 정도로 쉽게 긴장을 풀고 머리를 식힐 수 없다',0),(90,7,6,'일에 대한 걱정 때문에 집중하기 어렵다',0),(91,7,7,'긴장을 풀기 위해 진정제나 다른 약을 먹는다',0),(92,7,8,'긴장을 풀기 위해 시간을 충분히 내기 어렵다',0),(93,7,9,'시간 여유가 있어도 긴장을 해소하는데 사용하지 못한다',0),(94,7,10,'업무의 성격상 마감 시간에 쫓기는 편이다',0),(95,8,1,'바지 길이나 소매 길이 양쪽에 차이가 있다.',0),(96,8,2,'가방을 매면 한쪽으로 자꾸 흘러내린다.',0),(97,8,3,'치마나 바지가 한쪽으로 돌아간다.',0),(98,8,4,'다리를 꼬고 앉을 때 더 편한 쪽이 있다.',0),(99,8,5,'한쪽 신발 밑창이 더 많이 닳아 있다.',0),(100,8,6,'배를 내밀고 서 있는 편이다.',0),(101,8,7,'뒷목이 늘 뻐근하다',0),(102,8,8,'편두통이 자주 온다.',0),(103,8,9,'뒤돌아 보는 동작이 괴롭다.',0),(104,8,10,'자세가 구부정하고 실제 키보다 작아 보인다.',0),(105,8,11,'한쪽 다리가 자주 저리고 당긴다.',0),(106,8,12,'서 있는 것보다 앉아 있을 때 허리 통증이 더 심해진다.',0),(107,8,13,'걸음걸이가 특이하다는 말을 자주 듣는다.',0),(108,8,14,'발목을 자주 삐끗한다.',0),(109,9,1,'바지 길이나 소매 길이 양쪽에 차이가 있다.',0),(110,9,2,'가방을 매면 한쪽으로 자꾸 흘러내린다.',0),(111,9,3,'치마나 바지가 한쪽으로 돌아간다.',0),(112,9,4,'다리를 꼬고 앉을 때 더 편한 쪽이 있다.',0),(113,9,5,'한쪽 신발 밑창이 더 많이 닳아 있다.',0),(114,9,6,'배를 내밀고 서 있는 편이다.',0),(115,9,7,'뒷목이 늘 뻐근하다',0),(116,9,8,'편두통이 자주 온다.',0),(117,9,9,'뒤돌아 보는 동작이 괴롭다.',0),(118,9,10,'자세가 구부정하고 실제 키보다 작아 보인다.',0),(119,9,11,'한쪽 다리가 자주 저리고 당긴다.',0),(120,9,12,'서 있는 것보다 앉아 있을 때 허리 통증이 더 심해진다.',0),(121,9,13,'걸음걸이가 특이하다는 말을 자주 듣는다.',0),(122,9,14,'발목을 자주 삐끗한다.',0),(123,10,1,'예상 밖의 일 때문에 속상한 적은 얼마나 있었나?',0),(124,10,2,'인생에서 중요한 일을 제어할 수 없다고 느낀 경우는 얼마나 있었나?',0),(125,10,3,'긴장되고 스트레스를 받았다고 느낀 경우는 얼마나 있었나?',0),(126,10,4,'개인적인 문제들을 처리하는 능력에 대해 몇 번이나 확신했는가?',0),(127,10,5,'일들이 당신의 뜻대로 된다고 느낀 경우는 얼마나 있었나?',0),(128,10,6,'얼마나 자주 화를 억누를 수 있었나?',0),(129,10,7,'해야 할 일을 감당할 수 없다고 느낀적은 얼마나 있었나?',0),(130,10,8,'기분이 매우 좋다고 느낀 적은 얼마나 있었나?',0),(131,10,9,'일들이 잘 안 풀릴 때 얼마나 자주 화를 냈나?',0),(132,10,10,'어려운 일이 과도하게 누적돼 극복할 수 없다고 생각한 경우는 얼마나 있었나?',0),(133,11,1,'예상 밖의 일 때문에 속상한 적은 얼마나 있었나?',0),(134,11,2,'인생에서 중요한 일을 제어할 수 없다고 느낀 경우는 얼마나 있었나?',0),(135,11,3,'긴장되고 스트레스를 받았다고 느낀 경우는 얼마나 있었나?',0),(136,11,4,'개인적인 문제들을 처리하는 능력에 대해 몇 번이나 확신했는가?',0),(137,11,5,'일들이 당신의 뜻대로 된다고 느낀 경우는 얼마나 있었나?',0),(138,11,6,'얼마나 자주 화를 억누를 수 있었나?',0),(139,11,7,'해야 할 일을 감당할 수 없다고 느낀적은 얼마나 있었나?',0),(140,11,8,'기분이 매우 좋다고 느낀 적은 얼마나 있었나?',0),(141,11,9,'일들이 잘 안 풀릴 때 얼마나 자주 화를 냈나?',0),(142,11,10,'어려운 일이 과도하게 누적돼 극복할 수 없다고 생각한 경우는 얼마나 있었나?',0),(143,12,1,'기분이 가라앉거나, 우울하거나, 희망이 없다고 느꼈다.',0),(144,12,2,'평소 하던 일에 대한 흥미가 없어지거나 즐거움을 느끼지 못했다.',0),(145,12,3,'잠들기가 어렵거나 자주 깼다/혹은 너무 많이 잤다.',0),(146,12,4,'평소보다 식욕이 줄었다/혹은 평소보다 많이 먹었다',0),(147,12,5,'다른 사람들이 눈치 챌 정도로 평소보다 말과 행동이 느려졌다/ 혹은 안절부절 못해서 가만히 앉아 있을 수 없었다.',0),(148,12,6,'피곤하고 기운이 없었다.',0),(149,12,7,'내가 잘못 했거나, 실패했다는 생각이 들었다/ 혹은 자신과 가족을 실망시켰다고 생각했다.',0),(150,12,8,'신문을 읽거나 TV를 보는 것과 같은 일상적인 일에도 집중 할 수가 없었다.',0),(151,12,9,'차라리 죽는 것이 더 낫겠다고 생각했다/혹은 자해할 생각을 했다.',0),(152,13,1,'기분이 가라앉거나, 우울하거나, 희망이 없다고 느꼈다.',0),(153,13,2,'평소 하던 일에 대한 흥미가 없어지거나 즐거움을 느끼지 못했다.',0),(154,13,3,'잠들기가 어렵거나 자주 깼다/혹은 너무 많이 잤다.',0),(155,13,4,'평소보다 식욕이 줄었다/혹은 평소보다 많이 먹었다',0),(156,13,5,'다른 사람들이 눈치 챌 정도로 평소보다 말과 행동이 느려졌다/ 혹은 안절부절 못해서 가만히 앉아 있을 수 없었다.',0),(157,13,6,'피곤하고 기운이 없었다.',0),(158,13,7,'내가 잘못 했거나, 실패했다는 생각이 들었다/ 혹은 자신과 가족을 실망시켰다고 생각했다.',0),(159,13,8,'신문을 읽거나 TV를 보는 것과 같은 일상적인 일에도 집중 할 수가 없었다.',0),(160,13,9,'차라리 죽는 것이 더 낫겠다고 생각했다/혹은 자해할 생각을 했다.',0),(161,14,1,'기분이 가라앉거나, 우울하거나, 희망이 없다고 느꼈다.',0),(162,14,2,'평소 하던 일에 대한 흥미가 없어지거나 즐거움을 느끼지 못했다.',0),(163,14,3,'잠들기가 어렵거나 자주 깼다/혹은 너무 많이 잤다.',0),(164,14,4,'평소보다 식욕이 줄었다/혹은 평소보다 많이 먹었다',0),(165,14,5,'다른 사람들이 눈치 챌 정도로 평소보다 말과 행동이 느려졌다/ 혹은 안절부절 못해서 가만히 앉아 있을 수 없었다.',0),(166,14,6,'피곤하고 기운이 없었다.',0),(167,14,7,'내가 잘못 했거나, 실패했다는 생각이 들었다/ 혹은 자신과 가족을 실망시켰다고 생각했다.',0),(168,14,8,'신문을 읽거나 TV를 보는 것과 같은 일상적인 일에도 집중 할 수가 없었다.',0),(169,14,9,'차라리 죽는 것이 더 낫겠다고 생각했다/혹은 자해할 생각을 했다.',0),(170,15,1,'기분이 가라앉거나, 우울하거나, 희망이 없다고 느꼈다.',0),(171,15,2,'평소 하던 일에 대한 흥미가 없어지거나 즐거움을 느끼지 못했다.',0),(172,15,3,'잠들기가 어렵거나 자주 깼다/혹은 너무 많이 잤다.',0),(173,15,4,'평소보다 식욕이 줄었다/혹은 평소보다 많이 먹었다',0),(174,15,5,'다른 사람들이 눈치 챌 정도로 평소보다 말과 행동이 느려졌다/ 혹은 안절부절 못해서 가만히 앉아 있을 수 없었다.',0),(175,15,6,'피곤하고 기운이 없었다.',0),(176,15,7,'내가 잘못 했거나, 실패했다는 생각이 들었다/ 혹은 자신과 가족을 실망시켰다고 생각했다.',0),(177,15,8,'신문을 읽거나 TV를 보는 것과 같은 일상적인 일에도 집중 할 수가 없었다.',0),(178,15,9,'차라리 죽는 것이 더 낫겠다고 생각했다/혹은 자해할 생각을 했다.',0),(179,16,1,'기분이 가라앉거나, 우울하거나, 희망이 없다고 느꼈다.',0),(180,16,2,'평소 하던 일에 대한 흥미가 없어지거나 즐거움을 느끼지 못했다.',0),(181,16,3,'잠들기가 어렵거나 자주 깼다/혹은 너무 많이 잤다.',0),(182,16,4,'평소보다 식욕이 줄었다/혹은 평소보다 많이 먹었다',0),(183,16,5,'다른 사람들이 눈치 챌 정도로 평소보다 말과 행동이 느려졌다/ 혹은 안절부절 못해서 가만히 앉아 있을 수 없었다.',0),(184,16,6,'피곤하고 기운이 없었다.',0),(185,16,7,'내가 잘못 했거나, 실패했다는 생각이 들었다/ 혹은 자신과 가족을 실망시켰다고 생각했다.',0),(186,16,8,'신문을 읽거나 TV를 보는 것과 같은 일상적인 일에도 집중 할 수가 없었다.',0),(187,16,9,'차라리 죽는 것이 더 낫겠다고 생각했다/혹은 자해할 생각을 했다.',0),(188,17,1,'기분이 가라앉거나, 우울하거나, 희망이 없다고 느꼈다.',0),(189,17,2,'평소 하던 일에 대한 흥미가 없어지거나 즐거움을 느끼지 못했다.',0),(190,17,3,'잠들기가 어렵거나 자주 깼다/혹은 너무 많이 잤다.',0),(191,17,4,'평소보다 식욕이 줄었다/혹은 평소보다 많이 먹었다',0),(192,17,5,'다른 사람들이 눈치 챌 정도로 평소보다 말과 행동이 느려졌다/ 혹은 안절부절 못해서 가만히 앉아 있을 수 없었다.',0),(193,17,6,'피곤하고 기운이 없었다.',0),(194,17,7,'내가 잘못 했거나, 실패했다는 생각이 들었다/ 혹은 자신과 가족을 실망시켰다고 생각했다.',0),(195,17,8,'신문을 읽거나 TV를 보는 것과 같은 일상적인 일에도 집중 할 수가 없었다.',0),(196,17,9,'차라리 죽는 것이 더 낫겠다고 생각했다/혹은 자해할 생각을 했다.',0),(197,18,1,'의사가 환자를 진료할 때 진지하고 성의가 있다.',0),(198,18,2,'의사는 환자상태를 친절하고 알아듣기 쉽게 설명해 준다.',0),(199,18,3,'의사는 복장이 정결하고 용모가 단정하다.',0),(200,18,4,'치료과정에 대해 만족과 신뢰가 간다.',0),(201,18,5,'의료진은 환자 상태를 잘 파악하고 적절한 진료를 행한다.',0),(202,19,1,'직원들의 태도가 예의바르고 정중하다.',0),(203,19,2,'직원들은 복장이 청결하고 깔끔하며, 거부감이 없다.',0),(204,19,3,'직원들이 밝은 표정과 목소리로 인사한다.',0),(205,19,4,'접수와 수납 절차에 있어서 전혀 불편함이 없다.',0),(206,19,5,'직원들의 말투가 상냥하다.',0),(207,19,6,'환자를 진정으로 위하는 마음을 느꼈다.',0),(208,20,1,'병원 내부시설은 청결하고 깨끗하다.',0),(209,20,2,'병원의 분위기는 맑고 편안하여 안정감을 준다.',0),(210,20,3,'병원 근처 교통이 편리하여 쉽게 찾을 수 있다.',0),(211,21,1,'병원 내부시설은 청결하고 깨끗하다.',0),(212,21,2,'병원의 분위기는 맑고 편안하여 안정감을 준다.',0),(213,21,3,'병원 근처 교통이 편리하여 쉽게 찾을 수 있다.',0),(214,22,1,'의사가 환자를 진료할 때 진지하고 성의가 있다.',0),(215,22,2,'의사는 환자상태를 친절하고 알아듣기 쉽게 설명해 준다.',0),(216,22,3,'의사는 복장이 정결하고 용모가 단정하다.',0),(217,22,4,'치료과정에 대해 만족과 신뢰가 간다.',0),(218,22,5,'의료진은 환자 상태를 잘 파악하고 적절한 진료를 행한다.',0);
/*!40000 ALTER TABLE `question` ENABLE KEYS */;
UNLOCK TABLES;

--
-- Table structure for table `score_sum`
--

DROP TABLE IF EXISTS `score_sum`;
/*!40101 SET @saved_cs_client     = @@character_set_client */;
/*!50503 SET character_set_client = utf8mb4 */;
CREATE TABLE `score_sum` (
  `id` int NOT NULL AUTO_INCREMENT,
  `survey_id` int NOT NULL,
  `score_sum` int DEFAULT NULL,
  PRIMARY KEY (`id`),
  KEY `survey_id` (`survey_id`),
  CONSTRAINT `score_sum_ibfk_1` FOREIGN KEY (`survey_id`) REFERENCES `hospital_survey` (`id`) ON DELETE CASCADE
) ENGINE=InnoDB AUTO_INCREMENT=55 DEFAULT CHARSET=utf8mb4 COLLATE=utf8mb4_0900_ai_ci;
/*!40101 SET character_set_client = @saved_cs_client */;

--
-- Dumping data for table `score_sum`
--

LOCK TABLES `score_sum` WRITE;
/*!40000 ALTER TABLE `score_sum` DISABLE KEYS */;
INSERT INTO `score_sum` VALUES (1,12,0),(2,12,9),(3,12,18),(4,12,27),(5,12,7),(6,12,16),(7,12,9),(8,12,17),(9,6,9),(10,6,10),(11,6,11),(12,6,7),(13,6,14),(14,20,0),(15,20,0),(16,20,0),(17,20,0),(18,20,0),(19,20,0),(20,20,0),(21,18,0),(22,18,0),(23,18,0),(24,18,0),(25,18,0),(26,18,0),(27,13,13),(28,13,3),(29,13,15),(30,13,18),(31,13,8),(32,13,18),(33,13,11),(34,13,6),(35,13,15),(36,13,16),(37,11,24),(38,11,32),(39,11,24),(40,11,39),(41,11,36),(42,11,46),(43,9,11),(44,9,11),(45,9,9),(46,7,11),(47,7,14),(48,7,11),(49,7,8),(50,22,0),(51,22,0),(52,21,0),(53,21,0),(54,12,16);
/*!40000 ALTER TABLE `score_sum` ENABLE KEYS */;
UNLOCK TABLES;

--
-- Table structure for table `service_notice`
--

DROP TABLE IF EXISTS `service_notice`;
/*!40101 SET @saved_cs_client     = @@character_set_client */;
/*!50503 SET character_set_client = utf8mb4 */;
CREATE TABLE `service_notice` (
  `id` int NOT NULL AUTO_INCREMENT,
  `title` text NOT NULL,
  `context` text NOT NULL,
  `created_at` timestamp NOT NULL,
  `updated_at` timestamp NULL DEFAULT NULL,
  `views` int DEFAULT '0',
  `fixed` tinyint(1) NOT NULL DEFAULT '0',
  `attachment` varchar(255) DEFAULT NULL,
  PRIMARY KEY (`id`)
) ENGINE=InnoDB AUTO_INCREMENT=6 DEFAULT CHARSET=utf8mb4 COLLATE=utf8mb4_0900_ai_ci;
/*!40101 SET character_set_client = @saved_cs_client */;

--
-- Dumping data for table `service_notice`
--

LOCK TABLES `service_notice` WRITE;
/*!40000 ALTER TABLE `service_notice` DISABLE KEYS */;
INSERT INTO `service_notice` VALUES (1,'개인정보 처리방침 개정안내','안녕하세요. Vote24(이하 ‘회사’)입니다.\r\n\r\n서비스를 이용해 주시는 이용자 여러분께 감사드리며, 새로운 개인정보 처리방침 적용에 관한 안내 말씀 드립니다\r\n\r\n회사는 이용자 여러분의 개인정보를 무엇보다 소중하게 처리하고 있으며, 어떤 사안보다도 우선하여 안전하게 관리하고 있습니다.\r\n\r\n새롭게 변경될 개인정보 처리방침 내용을 확인하시고 서비스 이용에 참고하시기 바랍니다.','2022-02-18 01:06:45',NULL,1,0,'2022-02-18 10:06:45개인정보처리방침.PNG'),(2,'불법촬영물등의 유통 방지를 위한 기술적・관리적 조치 적용 안내','안녕하세요. Vote24입니다.\r\nVote24 서비스를 이용해 주시는 회원 여러분께 감사드립니다.\r\n\r\n전기통신사업법 제22조의5 및 동법 시행령 제30조의6에 따라, 사전조치의무사업자인 Vote24는 불법촬영물등의 유통 방지 및 이용자보호를 위하여 다음과 같은 기술적・관리적 조치를 적용할 예정임을 안내드립니다.\r\n\r\n정보통신망에서 불법촬영물등을 유통할 경우, 삭제 등 유통 방지에 필요한 조치가 취해지며, 관련 법률에 따라 형사처벌을 받을 수 있사오니, 이용자 여러분께서는 관련 내용을 참고하시고 서비스 이용시 유의하여 주시기 바랍니다.\r\n\r\n\r\n- 다 음 -\r\n\r\n\r\n1. 시행일자 : 2021년 12월 10일\r\n\r\n2. 적용 내용\r\n- 불법촬영물등의 신고 기능 마련 및 삭제 요청의 처리\r\n- 불법촬영물등의 식별 및 검색제한 조치\r\n- 불법촬영물등의 식별 및 게재제한 조치\r\n- 불법촬영물등의 유통에 대한 사전 경고 조치\r\n- 불법촬영물등의 기술적 조치에 대한 로그기록의 보관\r\n* 불법촬영물등의 식별 및 게재제한 조치는 6개월간(21.12.10~22.6.9) 계도기간 운영\r\n\r\n\r\nVote24에서 제공되는 서비스를 통해 불법촬영물등이 유통되는 것을 발견하신 경우, Vote24 불법촬영물등 유통 신고・삭제요청서를 통해 신고해 주시면 신고 내용을 검토 후 빠르게 조치 결과를 회신드리도록 하겠습니다.(신고할 게시물의 URL을 확인하기 어려운 경우에는, 해당 서비스 게시물의 신고하기 기능을 통해 접수하실 수 있습니다.)\r\n\r\n안전한 디지털 세상을 만들기 위한 저희 Vote24의 노력에 여러분의 적극적인 참여과 관심을 부탁드리오며, 기타 자세한 사항은 고객센터 도움말을 참고해 주시기 바랍니다.\r\n\r\n감사합니다.','2022-02-18 01:08:01',NULL,1,0,NULL),(3,'Vote24 문자메시지 서비스 종료 안내','안녕하세요.\r\n\r\nVote24 문자메시지 서비스를 2021년 7월 27일 종료하게 되어 안내 드립니다.\r\n\r\n서비스 종료일 이후로 설정된 예약 메시지는 일괄 취소 조치되며\r\n환불 관련 문의는 Vote24 고객센터로 접수해 주시면 안내 드리도록 하겠습니다.\r\n\r\nVote24 문자메시지 서비스를 이용해 주셔서 감사드리며\r\n더 좋은 서비스로 찾아뵐 수 있도록 노력하겠습니다.\r\n\r\n감사합니다.','2022-02-18 01:10:32',NULL,2,1,NULL),(4,'[점검완료] \'이벤트\' 서비스 기능 오류 안내 (11/21 일)','안녕하세요.  \r\n\r\n이벤트 서비스에서 기한 안내가 잘못 표시되는 현상이 발생하였고,\r\n긴급점검을 진행하여 현재는 정상적으로 서비스를 이용하실 수 있습니다. \r\n\r\n보다 안정적인 서비스를 위해 최선을 다하는 Vote24가 되겠습니다. \r\n\r\n감사합니다. \r\n\r\n2021년 11월 21일','2022-02-18 01:11:27',NULL,2,0,NULL),(5,'Vote24 운영정책 변경 안내','안녕하세요 Vote24입니다.\r\n\r\nVote24 서비스를 이용해 주시는 회원 여러분께 감사드립니다.\r\n\r\n\r\n\r\nVote24 운영정책의 내용이 2022년 2월 3일자로 변경될 예정임을 안내드립니다.\r\n\r\n\r\n 1. 변경 사항\r\n\r\n첨부된 파일을 확인하십시오.\r\n\r\n\r\n2. 변경 시기\r\n\r\n변경된 약관과 운영정책은 2022년 2월 3일부터 효력이 발생됩니다.\r\n\r\n \r\n감사합니다.','2022-02-18 01:13:23',NULL,2,0,'2022-02-18 10:13:23운영정책.PNG');
/*!40000 ALTER TABLE `service_notice` ENABLE KEYS */;
UNLOCK TABLES;

--
-- Table structure for table `subjective_answer`
--

DROP TABLE IF EXISTS `subjective_answer`;
/*!40101 SET @saved_cs_client     = @@character_set_client */;
/*!50503 SET character_set_client = utf8mb4 */;
CREATE TABLE `subjective_answer` (
  `id` int NOT NULL AUTO_INCREMENT,
  `question_id` int NOT NULL,
  `answer` text,
  PRIMARY KEY (`id`),
  KEY `question_id` (`question_id`),
  CONSTRAINT `subjective_answer_ibfk_1` FOREIGN KEY (`question_id`) REFERENCES `question` (`id`) ON DELETE CASCADE
) ENGINE=InnoDB DEFAULT CHARSET=utf8mb4 COLLATE=utf8mb4_0900_ai_ci;
/*!40101 SET character_set_client = @saved_cs_client */;

--
-- Dumping data for table `subjective_answer`
--

LOCK TABLES `subjective_answer` WRITE;
/*!40000 ALTER TABLE `subjective_answer` DISABLE KEYS */;
/*!40000 ALTER TABLE `subjective_answer` ENABLE KEYS */;
UNLOCK TABLES;

--
-- Table structure for table `survey_result`
--

DROP TABLE IF EXISTS `survey_result`;
/*!40101 SET @saved_cs_client     = @@character_set_client */;
/*!50503 SET character_set_client = utf8mb4 */;
CREATE TABLE `survey_result` (
  `id` int NOT NULL AUTO_INCREMENT,
  `survey_id` int NOT NULL,
  `age` int DEFAULT NULL,
  `gender` tinyint(1) DEFAULT NULL,
  PRIMARY KEY (`id`),
  KEY `survey_id` (`survey_id`),
  CONSTRAINT `result_ibfk_1` FOREIGN KEY (`survey_id`) REFERENCES `hospital_survey` (`id`) ON DELETE CASCADE
) ENGINE=InnoDB AUTO_INCREMENT=55 DEFAULT CHARSET=utf8mb4 COLLATE=utf8mb4_0900_ai_ci;
/*!40101 SET character_set_client = @saved_cs_client */;

--
-- Dumping data for table `survey_result`
--

LOCK TABLES `survey_result` WRITE;
/*!40000 ALTER TABLE `survey_result` DISABLE KEYS */;
INSERT INTO `survey_result` VALUES (1,12,10,0),(2,12,20,0),(3,12,30,0),(4,12,40,0),(5,12,50,1),(6,12,60,1),(7,12,30,0),(8,12,30,0),(9,6,30,0),(10,6,30,1),(11,6,50,0),(12,6,30,1),(13,6,40,1),(14,20,20,0),(15,20,50,0),(16,20,20,1),(17,20,30,0),(18,20,40,1),(19,20,50,1),(20,20,60,1),(21,18,40,0),(22,18,40,0),(23,18,50,0),(24,18,50,1),(25,18,60,1),(26,18,40,0),(27,13,30,0),(28,13,40,0),(29,13,60,1),(30,13,50,1),(31,13,30,0),(32,13,30,1),(33,13,20,0),(34,13,20,1),(35,13,30,1),(36,13,50,1),(37,11,30,0),(38,11,20,0),(39,11,50,1),(40,11,50,1),(41,11,20,0),(42,11,40,0),(43,9,20,1),(44,9,40,1),(45,9,50,0),(46,7,30,1),(47,7,50,0),(48,7,10,0),(49,7,10,1),(50,22,10,0),(51,22,40,1),(52,21,40,0),(53,21,60,1),(54,12,50,1);
/*!40000 ALTER TABLE `survey_result` ENABLE KEYS */;
UNLOCK TABLES;
/*!40103 SET TIME_ZONE=@OLD_TIME_ZONE */;

/*!40101 SET SQL_MODE=@OLD_SQL_MODE */;
/*!40014 SET FOREIGN_KEY_CHECKS=@OLD_FOREIGN_KEY_CHECKS */;
/*!40014 SET UNIQUE_CHECKS=@OLD_UNIQUE_CHECKS */;
/*!40101 SET CHARACTER_SET_CLIENT=@OLD_CHARACTER_SET_CLIENT */;
/*!40101 SET CHARACTER_SET_RESULTS=@OLD_CHARACTER_SET_RESULTS */;
/*!40101 SET COLLATION_CONNECTION=@OLD_COLLATION_CONNECTION */;
/*!40111 SET SQL_NOTES=@OLD_SQL_NOTES */;

-- Dump completed on 2022-02-18  1:50:59
